gender,mode,acc_phon,phr_phon,fin_phon,l_grand_mean_t,h_grand_mean_t,l_f0_z,h_f0_z,e_f0_z,f0_exc_z,e_f0_exc_z,lh_slope
F,MDC,L*H,% H* L*H %,%,84,289,-0.7677935943060494,1.741103202846978,1.5038552787663102,2.508896797153027,-0.23724792408066775,48.113
F,MDC,L*H,% H* L*H %,%,78,281,-0.5631672597864772,1.610616844602609,1.3615065243179147,2.173784104389086,-0.24911032028469426,40.488
F,MDC,L*H,% H* L*H %,%,104,307,-0.6017200474495837,1.1983985765124545,0.9878410438908669,1.8001186239620384,-0.2105575326215876,34.474
F,MDC,L*H,% H* L*H %,%,90,308,-0.48902728351126956,1.4653024911032035,1.1123962040332163,1.954329774614473,-0.3529062870699873,36.94
F,MDC,L*H,% H* L*H %,%,79,291,-0.4059905100830367,1.5928232502965627,1.5364768683274015,1.9988137603795995,-0.0563463819691612,37.839
F,MDC,L*H,% H* L*H %,%,118,261,-1.8858244365361787,0.18416370106761842,-0.0827402135231306,2.069988137603797,-0.266903914590749,64.596
F,MDC,L*H,% (*) L*H %,%,104,258,-1.9658956109134018,0.3354092526690392,0.17230130486358336,2.301304863582441,-0.16310794780545584,67.498
F,MDC,L*H,% (*) L*H %,%,86,257,-1.8680308422301284,0.569691577698697,0.03884934756820885,2.4377224199288254,-0.5308422301304883,65.263
F,MDC,L*H,% (*) L*H %,%,118,270,-1.8561684460260974,0.6082443653618037,0.3116844602609733,2.464412811387901,-0.2965599051008304,77.255
F,MDC,L*H,% (*) L*H %,%,98,247,-1.8472716488730723,0.8603202846975078,0.41251482799525663,2.70759193357058,-0.44780545670225114,85.865
F,MDC,L*H,% H* L*H L%,L%,104,326,-1.0910438908659557,0.5281731909845807,-1.1384934756820875,1.6192170818505365,-1.6666666666666683,28.706
F,MDC,L*H,% H* L*H L%,L%,89,309,-0.9397983392645306,1.0530842230130493,-1.2452550415183863,1.9928825622775799,-2.2983392645314353,35.949
F,MDC,L*H,% H* L*H L%,L%,71,322,-1.0435943060498194,0.41548042704626226,-1.2185646500593104,1.4590747330960816,-1.6340450771055726,24.045
F,MDC,L*H,% H* L*H L%,L%,82,312,-0.9071767497034394,0.40954922894424683,-1.4528469750889683,1.3167259786476864,-1.8623962040332152,23.269
F,MDC,L*H,% >H* L*H L%,L%,63,302,-1.0851126927639358,0.4658956109134039,-1.675266903914591,1.5510083036773397,-2.141162514827995,28.58
F,MDQ,^[L*H],% ^[L*H L*H] %,%,50,304,0.5459667852906311,3.2416963226571762,3.013345195729538,2.695729537366545,-0.22835112692763815,48.143
F,MDQ,L*^[H],% L*H L*^[H] %,%,62,303,0.20492289442467454,3.117141162514831,3.016310794780548,2.9122182680901565,-0.10083036773428322,48.497
F,MDQ,L*^[H],% L*H L*^[H] %,%,73,287,-0.05308422301304924,2.7405100830367735,2.8294780545670215,2.7935943060498225,0.08896797153024805,50.922
F,MDQ,L*^[H],% (*) L*^[H L%],%,77,281,-0.29922894424673796,3.025207591933573,2.040628706998814,3.3244365361803108,-0.9845788849347588,60.241
F,MDQ,L*^[H],% (*) L*^[H L%],%,73,270,-0.12722419928825685,3.4314946619217075,2.1118030842230158,3.5587188612099645,-1.3196915776986917,70.248
F,MDQ,^[L*H],^[% (*) L*H %],%,25,216,1.2369513641755654,4.202550415183869,4.012752075919337,2.9655990510083035,-0.1897983392645317,57.756
F,MDQ,^[L*H],^[% (*) L*H %],%,14,213,1.3526097271648894,3.843712930011862,3.312870699881378,2.491103202846973,-0.5308422301304843,51.158
F,MDQ,^[L*H],^[% (*) L*H %],%,14,208,1.5513048635824462,3.6509489916963247,2.897686832740214,2.0996441281138782,-0.7532621589561108,47.657
F,MDQ,^[L*H],^[% (*) L*H %],%,16,229,1.844899169632267,3.742882562277583,3.3870106761565855,1.897983392645316,-0.3558718861209975,37.236
F,MDQ,^[L*H],^[% (*) L*H %],%,10,225,1.2814353499406874,3.7755041518386743,3.4225978647686826,2.4940688018979866,-0.3529062870699917,45.921
F,MDQ,L*^[H],% (*) L*^[H] L%,L%,56,323,-0.4801304863582443,3.4048042704626362,1.2132265717674995,3.8849347568208805,-2.191577698695137,62.325
F,MDQ,L*^[H],% H* L*^[H] L%,L%,45,329,-0.4415776986951335,3.475978647686834,1.334816132858839,3.9175563463819674,-2.141162514827995,61.567
F,MDQ,L*^[H],% (*) L*^[H] %,%,78,347,-1.5358837485172012,2.191874258600239,1.6788256227758012,3.72775800711744,-0.5130486358244377,58.169
F,MDQ,L*^[H],% (*) L*^[H L%],%,81,341,-1.349051008303675,2.758303677342824,1.1064650059312007,4.107354685646499,-1.651838671411623,61.001
F,MDQ,L*^[H],% (*) L*^[H L%],%,78,336,-0.9397983392645306,3.037069988137604,0.8039739027283507,3.9768683274021344,-2.233096085409253,66.27
F,MWH,L*H,% H* L*!H L*H %,%,96,295,-1.4113285883748519,0.4273428232502973,-0.008600237247923002,1.8386714116251492,-0.43594306049822035,37.107
F,MWH,L*H,% H* L*!H L*H %,%,80,269,-1.34015421115065,0.1574733096085427,-0.22508896797153036,1.4976275207591927,-0.38256227758007305,26.617
F,MWH,L*H,% H* L*!H L*H %,%,122,290,-1.4231909845788828,0.15450771055753287,-0.20136417556346442,1.5776986951364158,-0.3558718861209973,35.876
F,MWH,L*H,% H* L*!H L*H %,%,93,284,-1.2689798339264522,0.3354092526690392,-0.10349940688019091,1.6043890865954915,-0.4389086595492301,25.701
F,MWH,L*H,% H* L*!H L*H %,%,75,265,-1.6723013048635813,0.02105575326215835,-0.4623368920521938,1.6933570581257396,-0.48339264531435217,27.488
F,MWH,L*H,% H* L*!H L*H %,%,96,237,-1.663404507710556,0.0032621589561120674,-0.09460260972716567,1.666666666666668,-0.09786476868327773,45.862
F,MWH,L*H,% H* L*!H L*H %,%,117,252,-1.2838078291814927,0.19009489916963385,-0.31702253855278845,1.4739027283511266,-0.5071174377224223,50.673
F,MWH,L*H,% H* L*!H L*H %,%,87,278,-1.3371886120996443,0.10705812574140101,-0.28440094899169727,1.4442467378410453,-0.39145907473309827,33.917
F,MWH,L*H,% H* L*!H L*H %,%,96,280,-1.7998220640569402,-0.1806049822064041,-0.5690984578884926,1.619217081850536,-0.3884934756820885,39.819
F,MWH,L*H,% H* L*!H L*H %,%,83,282,-1.3549822064056947,-0.18357058125741393,-0.530545670225386,1.1714116251482807,-0.3469750889679721,28.518
F,MWH,L*H,% H* (*) L*H %,%,88,365,-1.0584223013048644,0.9285290628707,0.43327402135231274,1.9869513641755643,-0.4952550415183873,30.182
F,MWH,L*H,% H* L*!H L*H %,%,92,359,-1.0643534994068797,0.8336298932384363,0.4451364175563478,1.897983392645316,-0.3884934756820885,26.199
F,MWH,L*H,% H* L*!H L*H %,%,101,339,-1.1029062870699864,1.0026690391459077,0.6912811387900365,2.1055753262158943,-0.31138790035587116,36.999
F,MWH,L*H,%H H* L*!H L*H %,%,80,347,-1.0851126927639358,0.9285290628707,0.5222419928825652,2.013641755634636,-0.4062870699881348,30.472
F,MWH,L*H,% H* (*) L*H %,%,95,335,-1.1029062870699864,0.8988730723606186,0.6408659549228949,2.0017793594306053,-0.25800711743772375,33.613
F,MYN,L*^[H],% (*) L*^[H] %,%,103,352,-1.0910438908659557,2.607058125741399,2.6011269276393834,3.6981020166073546,-0.005931198102015589,62.005
F,MYN,L*^[H],% (*) L*^[H] %,%,81,342,-0.993179122182682,2.0584223013048644,2.0584223013048644,3.051601423487546,0,50.451
F,MYN,L*^[H],% (*) L*^[H] %,%,98,299,-0.6313760379596651,2.378706998813761,2.005041518386717,3.010083036773426,-0.37366548042704384,52.625
F,MYN,L*H,% (*) L*H %,%,117,328,-0.830071174377222,1.8478647686832768,1.9279359430604996,2.6779359430604988,0.08007117437722289,52.911
F,MYN,L*H,% (*) L*H %,%,106,337,-0.7529655990510088,1.7855871886121,1.7707591933570592,2.5385527876631087,-0.014827995255040749,47.622
F,MYN,L*H,% >H* L*H %,%,114,273,-0.5661328588374828,1.2517793594306061,0.9492882562277603,1.817912218268089,-0.3024911032028459,52.885
F,MYN,L*H,% >H* L*H L%,L%,98,233,-0.6491696322657156,1.3140569395017787,-0.16281138790035363,1.9632265717674944,-1.4768683274021324,55.467
F,MYN,L*H,% H* L*H L%,L%,93,218,-0.7470344009489891,1.3021945432977478,0.6764531435349959,2.049228944246737,-0.6257413997627519,70.038
F,MYN,L*H,% >H* L*H L%,L%,108,248,-1.0258007117437733,1.4771648873072387,0.18712930011862403,2.502965599051012,-1.2900355871886147,75.173
F,MYN,L*^[H],% >H* L*^[H] %,%,104,246,-0.877520759193358,1.901245551601424,1.6551008303677353,2.778766310794782,-0.2461447212336887,83.506
F,MYN,L*H,% (*) L*H %,%,119,351,-1.2067022538552796,1.2428825622775808,-0.044187425860024,2.4495848161328606,-1.2870699881376049,43.106
F,MYN,L*H,% (*) L*H L%,L%,113,323,-1.0791814946619205,1.100533807829181,-0.02935943060498332,2.1797153024911013,-1.1298932384341644,40.838
F,MYN,L*H,% (*) L*H %,%,106,331,-1.2304270462633455,1.3496441281138796,0.0032621589561120674,2.580071174377225,-1.3463819691577674,44.826
F,MYN,L*H,% (*) L*H L%,L%,101,328,-1.1444246737841028,1.4237841043890873,0.17526690391459318,2.56820877817319,-1.2485172004744942,45.341
F,MDC,L*H,% L*H L*H %,%,83,323,-0.8132260947274386,2.2520107238605864,1.9347631814119741,3.065236818588025,-0.3172475424486123,36.046
F,MDC,L*H,% L*H L*H %,%,98,320,-0.835567470956213,2.2073279714030374,2.189454870420014,3.0428954423592502,-0.017873100983023527,39.084
F,MDC,L*H,% L*H L*H %,%,120,317,-1.224307417336912,1.3404825737265416,1.1483467381590675,2.5647899910634537,-0.19213583556747404,36.39
F,MDC,L*H,% L*H L*H %,%,99,321,-0.9740840035746232,1.7515638963360152,1.6890080428954428,2.7256478999106384,-0.06255585344057235,33.726
F,MDC,L*H,% L*H L*H %,%,102,308,-1.2734584450402182,1.6130473637176048,1.3672922252010735,2.886505808757823,-0.2457551385165313,36.781
F,MDC,L*H,% (*) L*H %,%,67,246,-1.6398570151921366,1.1260053619302932,0.75067024128686,2.7658623771224295,-0.3753351206434332,38.475
F,MDC,L*H,% (*) L*H %,%,89,248,-1.644325290437894,0.6300268096514731,0.32171581769436947,2.274352100089367,-0.3083109919571036,39.835
F,MDC,L*H,% (*) L*H %,%,82,261,-1.5281501340482582,1.0679177837354783,0.5585344057193923,2.5960679177837367,-0.509383378016086,43.733
F,MDC,L*H,% (*) L*H %,%,94,279,-1.5862377122430729,0.7685433422698833,0.6568364611260049,2.354781054512956,-0.11170688114387839,36.725
F,MDC,L*H,% (*) L*H %,%,75,254,-1.5370866845397666,0.9204647006255595,0.5183199285075946,2.457551385165326,-0.40214477211796495,39.865
F,MDC,L*H,% L*H L*H %,%,50,334,-1.2511170688114375,1.8588025022341361,1.255585344057195,3.1099195710455736,-0.6032171581769412,29.738
F,MDC,L*H,% >H* L*H %,%,57,323,-1.55495978552279,1.0857908847184954,0.8891867739052702,2.6407506702412853,-0.19660411081322515,25.026
F,MDC,L*H,% >H* L*H %,%,97,388,-1.3941018766756053,1.443252904378905,1.3360142984807841,2.8373547810545103,-0.10723860589812095,29.993
F,MDC,L*H,% H* L*H %,%,79,408,-1.3315460232350331,1.0857908847184954,1.0723860589812295,2.4173369079535285,-0.013404825737265869,22.345
F,MDC,L*H,% >H* L*H %,%,87,328,-1.4879356568364603,0.3798033958891842,0.5451295799821264,1.8677390527256446,0.1653261840929422,19.822
F,MDQ,L*^[H],% (*) L*^[H] %,%,53,273,-0.6478999106344964,3.5835567470956193,2.587131367292222,4.231456657730115,-0.9964253798033975,59.614
F,MDQ,L*^[H],% (*) L*^[H L%],%,93,293,-0.33065236818588434,3.6907953529937405,2.453083109919569,4.021447721179625,-1.2377122430741716,61.784
F,MDQ,L*^[H],% (*) L*^[H L%],%,57,276,-0.504915102770335,3.775692582663093,2.6005361930294875,4.280607685433428,-1.1751563896336057,55.56
F,MDQ,L*H,% L*H L*H %,%,67,289,-0.6568364611260049,2.006255585344055,1.8096514745308299,2.6630920464700596,-0.19660411081322504,32.656
F,MDQ,^[L*H],% (*) ^[L*H L%],%,88,276,0.5317247542448604,4.47274352100089,2.3726541554959795,3.9410187667560295,-2.1000893655049104,61.002
F,MDQ,^[L*H],% (*) ^[L*H] %,%,60,265,-0.8713136729222533,3.5120643431635385,2.3726541554959795,4.383378016085792,-1.139410187667559,66.783
F,MDQ,L*H,% (*) L*H %,%,83,227,-1.076854334226987,2.4352100089365516,1.4343163538873966,3.5120643431635385,-1.000893655049155,70.986
F,MDQ,L*H,% (*) L*H %,%,78,223,-0.7015192135835601,2.5513851653261814,1.0723860589812295,3.2529043789097414,-1.478999106344952,61.044
F,MDQ,L*H,% (*) L*H %,%,77,251,-0.8445040214477214,2.752457551385164,2.0956210902591588,3.5969615728328854,-0.6568364611260051,63.209
F,MDQ,L*H,% (*) L*H %,%,52,229,-0.46023235031277976,2.846291331546019,2.109025915996425,3.3065236818587986,-0.7372654155495941,58.686
F,MDQ,L*^[H],% >H* L*^[H] %,%,42,338,-0.8489722966934788,3.3333333333333304,2.0956210902591588,4.182305630026809,-1.2377122430741716,37.716
F,MDQ,^[L*H],% >H* ^[L*H] %,%,47,356,-0.7059874888293112,3.565683646112596,2.171581769436997,4.271671134941907,-1.3941018766755988,36.713
F,MDQ,L*H,% (*) L*H %,%,52,310,-1.1706881143878483,2.430741733690794,1.2868632707774779,3.6014298480786424,-1.1438784629133163,36.025
F,MDQ,^[L*H],% (*) ^[L*H] L%,L%,48,317,-0.522788203753352,2.9892761394101868,0.7059874888293112,3.512064343163539,-2.2832886505808756,35.905
F,MDQ,L*^[H],% (*) L*^[H] %,%,44,349,-0.2502234137622888,4.142091152815012,2.515638963360141,4.3923145665773005,-1.626452189454871,39.057
F,MWH,L*H,% H* (*) L*H %,%,67,324,-1.5862377122430729,2.453083109919569,2.3771224307417307,4.039320822162642,-0.07596067917783822,48.445
F,MWH,L*H,% H* L*!H L*H %,%,72,348,-1.1081322609472761,2.515638963360141,2.497765862377124,3.623771224307417,-0.017873100983016865,38.408
F,MWH,L*H,% H* (*) L*H %,%,106,302,-1.3538873994638074,1.5773011617515644,1.6085790884718474,2.9311885612153716,0.031277926720282956,50.824
F,MWH,L*H,% H* (*) L*H %,%,116,330,-1.438784629133154,1.3449508489722926,1.3315460232350267,2.783735478105447,-0.013404825737265869,42.435
F,MWH,L*H,% H* (*) L*H %,%,79,316,-1.4432529043789115,2.30563002680965,2.350312779267199,3.7488829311885614,0.044682752457549046,46.096
F,MWH,L*H,% >H* L*H L*H %,%,86,249,-1.3583556747095649,1.546023235031275,1.050044682752455,2.90437890974084,-0.49597855227882004,42.406
F,MWH,L*H,% H* L*H L*H %,%,104,258,-1.4119749776586223,0.7640750670241259,0.6032171581769412,2.176050044682748,-0.16085790884718465,39.95
F,MWH,L*H,% >H* L*H L*H %,%,99,283,-0.9964253798033976,0.9874888293118829,0.7640750670241259,1.9839142091152806,-0.223413762287757,32.166
F,MWH,L*H,% >H* L*H L*H %,%,81,248,-1.0902591599642528,1.0142984807864146,0.5495978552278775,2.1045576407506674,-0.4647006255585371,34.741
F,MWH,L*H,% H* L*H L*H %,%,83,241,-1.5862377122430729,0.9025915996425362,0.4334226988382479,2.488829311885609,-0.4691689008042883,45.415
F,MWH,L*H,% H* (*) L*H %,%,91,370,-1.4924039320822178,1.6845397676496854,1.170688114387842,3.176943699731903,-0.5138516532618433,35.295
F,MWH,L*H,% H* (*) L*H %,%,115,358,-1.6309204647006281,1.0991957104557613,0.7104557640750685,2.7301161751563896,-0.38873994638069276,32.993
F,MWH,L*H,% >H* (*) L*H %,%,86,318,-1.6085790884718536,0.822162645218947,0.437890974083999,2.430741733690801,-0.384271671134948,27.796
F,MWH,L*H,% H* (*) L*H %,%,96,353,-1.4968722073279752,0.7640750670241259,0.4557640750670224,2.260947274352101,-0.3083109919571035,23.584
F,MWH,L*H,% (*) (*) L*H %,%,86,312,-1.4119749776586223,0.737265415549594,0.45129579982126494,2.1492403932082165,-0.2859696157283291,25.449
F,MYN,L*H,% L*H L*H %,%,126,320,-1.541554959785524,1.1260053619302932,1.0545129579982124,2.6675603217158175,-0.07149240393208078,38.692
F,MYN,L*H,% L*H L*H %,%,126,296,-1.8588025022341361,0.9696157283288658,0.7462019660411089,2.8284182305630017,-0.2234137622877569,52.468
F,MYN,L*H,% (*) L*H %,%,114,313,-1.6979445933869515,0.9562109025915999,0.822162645218947,2.6541554959785514,-0.1340482573726529,33.758
F,MYN,L*H,% (*) L*H %,%,122,329,-1.6398570151921366,1.0008936550491487,0.8445040214477214,2.6407506702412853,-0.15638963360142732,35.774
F,MYN,L*H,% L*H L*H %,%,144,340,-1.671134941912426,0.3351206434316354,0.20554066130473359,2.0062555853440616,-0.1295799821269018,32.333
F,MYN,L*H,% (*) L*H %,%,104,247,-0.12064343163539332,2.3771224307417307,1.9258266309204657,2.497765862377124,-0.451295799821265,47.855
F,MYN,L*H,% (*) L*H %,%,108,284,-0.20554066130473994,2.1671134941912396,1.3404825737265416,2.3726541554959795,-0.826630920464698,43.735
F,MYN,L*H,% (*) L*H %,%,104,258,-0.3932082216264565,2.082216264521893,1.3672922252010735,2.4754244861483494,-0.7149240393208196,43.8
F,MYN,L*H,% (*) L*H %,%,74,271,-0.5272564789991094,1.8051831992850724,1.8766756032171594,2.3324396782841816,0.071492403932087,28.909
F,MYN,L*H,% (*) L*H %,%,80,251,-0.6702412868632708,1.7917783735478066,1.7426273458445003,2.4620196604110776,-0.04915102770330626,41.289
F,MYN,L*H,% >H* L*H %,%,84,365,-1.0813226094727444,1.3136729222520098,1.018766756032172,2.394995531724754,-0.2949061662198378,23.261
F,MYN,L*H,% >H* L*H %,%,71,363,-0.7953529937444151,1.3896336014298478,1.6175156389633558,2.184986595174263,0.227882037533508,17.484
F,MYN,L*H,% (*) L*H %,%,84,350,-1.2734584450402182,1.0053619302949062,1.0232350312779233,2.2788203753351244,0.017873100983017087,22.168
F,MYN,L*H,% (*) L*H %,%,85,380,-1.0411081322609466,0.9159964253798021,0.719392314566577,1.9571045576407486,-0.19660411081322504,19.797
F,MYN,L*H,% (*) L*H %,%,99,351,-1.1706881143878483,0.7283288650580856,0.7238605898123281,1.8990169794459337,-0.004468275245757436,20.686
F,MDC,L*H,% L*H L*H %,%,87,280,-1.292800000000002,1.1039999999999963,1.0879999999999972,2.396799999999998,-0.015999999999999126,41.59
F,MDC,L*H,% L*H L*H L%,L%,73,254,-1.0496000000000003,1.3503999999999996,-0.06720000000000255,2.4,-1.4176000000000022,43.42
F,MDC,L*H,% >H* L*H L%,L%,66,251,-1.068800000000001,1.0175999999999976,-0.7360000000000037,2.0863999999999985,-1.7536000000000014,35.667
F,MDC,L*H,% >H* L*H L%,L%,59,237,-1.0784000000000014,1.3663999999999987,0.035199999999999815,2.4448,-1.3311999999999988,45.235
F,MDC,L*H,% >H* L*H L%,L%,75,259,-1.0848000000000002,1.215999999999999,0.3519999999999982,2.3007999999999993,-0.8640000000000009,39.814
F,MDC,L*H,% >H* L*H %,%,83,260,-1.225600000000004,0.7167999999999983,0.5791999999999962,1.9424000000000023,-0.13760000000000217,37.141
F,MDC,L*H,% H* L*H %,%,57,237,-1.4784000000000015,0.88,0.5087999999999966,2.3584000000000014,-0.3712000000000034,41.161
F,MDC,L*H,% H* L*H L%,L%,81,225,-1.0496000000000003,1.027199999999998,-0.3840000000000009,2.076799999999998,-1.4111999999999987,49.198
F,MDC,L*H,% >H* L*H L%,L%,61,202,-1.145600000000004,1.2127999999999974,-0.9664000000000033,2.3584000000000014,-2.1792000000000007,54.49
F,MDC,L*H,% >H* L*H %,%,84,230,-1.2224000000000024,0.7327999999999975,-0.45760000000000217,1.9551999999999998,-1.1903999999999997,46.362
F,MDC,L*H,% >H* L*H L%,L%,93,232,-1.168000000000002,0.32,-2.8032000000000017,1.488000000000002,-3.1232000000000015,39.462
F,MDC,L*H,% >H* L*H L%,L%,89,234,-1.0784000000000014,0.37759999999999766,-2.768000000000002,1.455999999999999,-3.1455999999999995,34.605
F,MDC,L*H,% >H* L*H L%,L%,100,226,-0.9760000000000036,0.72,-3.3376000000000023,1.6960000000000037,-4.0576000000000025,48.801
F,MDC,L*H,% >H* L*H L%,L%,90,215,-1.1840000000000008,0.4095999999999958,-2.6848,1.5935999999999966,-3.094399999999996,45.489
F,MDC,L*H,% >H* L*H L%,L%,83,220,-1.0784000000000014,0.38079999999999925,-2.412800000000002,1.4592000000000005,-2.7936000000000014,37.619
F,MDQ,^[L*H],% L*H ^[L*H L%],%,44,258,0.7583999999999969,3.68,2.6623999999999977,2.9216000000000033,-1.0176000000000025,48.273
F,MDQ,^[L*H],% L*H ^[L*H] %,%,69,280,0.1983999999999969,3.2767999999999984,3.1615999999999986,3.0784000000000016,-0.11519999999999975,49.465
F,MDQ,^[L*H],% L*H ^[L*H] %,%,41,268,1.0048000000000001,4.281599999999998,4.191999999999998,3.276799999999998,-0.0895999999999999,49.868
F,MDQ,L*^[H],% L*H L*^[H] %,%,68,281,0.374399999999996,4.211199999999999,4.188799999999997,3.836800000000003,-0.022400000000001974,59.611
F,MDQ,^[L*H],% L*H ^[L*H] %,%,57,271,1.2031999999999972,4.243199999999997,4.255999999999999,3.04,0.012800000000002143,48.854
F,MDQ,^[L*H],% H* ^[L*H] L%,L%,17,194,0.12799999999999728,3.526399999999999,-1.3632000000000017,3.3984000000000014,-4.889600000000001,63.656
F,MDQ,^[L*H],% >H* ^[L*H] %,%,37,232,0.867199999999998,3.2639999999999962,2.969599999999996,2.396799999999998,-0.29440000000000044,41.383
F,MDQ,^[L*H],% >H* ^[L*H] %,%,49,222,0.934399999999996,3.52,3.2735999999999965,2.585600000000004,-0.2464000000000035,45.047
F,MDQ,^[L*H],% >H* ^[L*H] %,%,13,244,0.3519999999999982,3.926399999999999,3.814399999999996,3.5744000000000007,-0.11200000000000276,51.94
F,MDQ,^[L*H],% H* ^[L*H] %,%,52,230,0.7103999999999996,3.5904,3.2607999999999993,2.8800000000000003,-0.32960000000000056,53.384
F,MDQ,^[L*H],% >H* ^[L*H] L%,L%,63,210,0.054399999999996,2.4063999999999988,-2.899200000000001,2.352000000000003,-5.3056,53.3
F,MDQ,^[L*H],% >H* ^[L*H] L%,L%,64,212,0.17279999999999746,2.547199999999998,-2.7712000000000034,2.3744000000000005,-5.318400000000001,52.937
F,MDQ,^[L*H],% L*H ^[L*H] L%,L%,52,198,0.5311999999999989,2.7423999999999977,-3.3184000000000013,2.211199999999999,-6.060799999999999,47.982
F,MDQ,^[L*H],% H* ^[L*H] L%,L%,49,218,0.5567999999999984,3.0655999999999994,-2.972800000000002,2.508800000000001,-6.038400000000001,52.131
F,MDQ,^[L*H],% (*) ^[L*H] L%,L%,76,201,0.12799999999999728,2.0415999999999985,-3.379200000000001,1.9136000000000013,-5.4208,50.757
F,MWH,L*H,% H* L*!H L*H %,%,53,252,-1.7024000000000024,0.6559999999999991,-0.09920000000000073,2.3584000000000014,-0.7551999999999999,38.875
F,MWH,L*H,% H* L*!H L*H %,%,59,264,-1.7312000000000034,0.32959999999999584,0.18559999999999946,2.060799999999999,-0.14399999999999638,33.648
F,MWH,L*H,% H* L*!H L*H %,%,61,261,-1.7376000000000023,0.4479999999999973,0.1759999999999991,2.1855999999999995,-0.2719999999999982,35.577
F,MWH,L*H,% H* L*!H L*H %,%,62,258,-1.8912000000000035,0.614399999999996,0.028799999999996544,2.5055999999999994,-0.5855999999999995,41.127
F,MWH,L*H,% H* L*!H L*H %,%,71,262,-1.9040000000000008,0.47039999999999965,0.01919999999999618,2.3744000000000005,-0.4512000000000035,39.701
F,MWH,L*H,% L*H L*!H L*H L%,L%,90,220,-0.972800000000002,1.4303999999999997,0.24319999999999709,2.403200000000002,-1.1872000000000025,55.342
F,MWH,L*H,% L*H L*!H L*H L%,L%,83,209,-1.024000000000001,0.8959999999999991,-1.228800000000001,1.92,-2.1248,51.42
F,MWH,L*H,% L*H L*!H L*H L%,L%,81,224,-0.9920000000000028,1.0048000000000001,-1.4976000000000023,1.996800000000003,-2.5024000000000024,51.194
F,MWH,L*H,% L*H L*!H L*H L%,L%,77,218,-0.9312000000000035,0.9695999999999958,-1.561600000000003,1.9007999999999994,-2.531199999999999,45.893
F,MWH,L*H,% L*H L*!H L*H L%,L%,76,218,-0.88,1.0591999999999961,-1.6448000000000003,1.939199999999996,-2.703999999999996,49.728
F,MWH,L*H,% H* L*!H L*H L%,L%,82,207,-1.4336000000000013,-0.16320000000000165,-2.2784000000000013,1.2703999999999998,-2.1151999999999997,35.996
F,MWH,L*H,% H* L*!H L*H L%,L%,81,203,-1.5776000000000021,-0.1280000000000018,-2.393600000000001,1.4496000000000002,-2.265599999999999,37.416
F,MWH,L*H,% L*H L*!H L*H L%,L%,65,215,-1.4784000000000015,-0.19519999999999982,-1.92,1.2832000000000017,-1.7248000000000001,34.177
F,MWH,L*H,% L*H L*!H L*H L%,L%,74,208,-1.6832000000000016,0.012799999999997454,-2.0544000000000007,1.695999999999999,-2.067199999999998,40.313
F,MWH,L*H,% >H* (*) L*H L%,L%,67,198,-1.5072000000000025,-0.11200000000000272,-2.3008000000000037,1.3951999999999998,-2.188800000000001,34.367
F,MYN,L*H,% L*H L*H %,%,77,273,-0.6880000000000018,1.4815999999999985,1.574399999999996,2.1696000000000004,0.09279999999999755,35.261
F,MYN,L*H,% L*H L*H %,%,83,272,-1.024000000000001,1.5967999999999984,1.5039999999999965,2.620799999999999,-0.09280000000000199,42.682
F,MYN,L*H,% L*H L*H %,%,81,273,-1.081600000000003,1.2063999999999988,1.3152,2.288000000000002,0.10880000000000112,37.747
F,MYN,L*H,% L*H L*H %,%,84,278,-1.0432000000000017,1.171199999999999,1.2223999999999977,2.2144000000000004,0.0511999999999988,32.874
F,MYN,L*H,% L*H L*H %,%,82,276,-0.8032000000000017,1.3279999999999972,1.2255999999999994,2.131199999999999,-0.10239999999999783,36.477
F,MYN,L*H,% (*) L*H L%,L%,77,212,-0.2688000000000011,1.5903999999999996,-1.4592000000000007,1.8592000000000006,-3.0496000000000003,48.4
F,MYN,L*H,% (*) L*H L%,L%,64,204,-0.4608000000000038,1.4207999999999992,-1.8848000000000003,1.881600000000003,-3.305599999999999,48.755
F,MYN,L*H,% (*) L*H L%,L%,73,208,-0.908800000000001,0.9248000000000002,-1.705600000000004,1.8336000000000012,-2.6304000000000043,45.027
F,MYN,L*H,% (*) L*H L%,L%,73,193,-0.48320000000000163,1.107199999999998,-1.7536000000000014,1.5903999999999996,-2.8607999999999993,47.994
F,MYN,L*H,% (*) L*H L%,L%,72,222,-0.905600000000004,0.8159999999999991,-1.6448000000000003,1.7216000000000031,-2.4607999999999994,45.506
F,MYN,L*H,% (*) L*H L%,L%,49,210,-0.9024000000000023,0.627199999999998,-2.310400000000004,1.5296000000000003,-2.937600000000002,30.632
F,MYN,L*H,% (*) L*H L%,L%,78,203,-0.9216000000000031,1.2319999999999982,-2.2336000000000014,2.1536000000000013,-3.4655999999999993,55.778
F,MYN,L*H,% (*) L*H L%,L%,77,210,-1.0976000000000021,0.6751999999999998,-2.5184000000000015,1.772800000000002,-3.1936000000000013,41.452
F,MYN,L*H,% (*) L*H L%,L%,49,201,-1.145600000000004,0.4479999999999973,-2.2784000000000013,1.5936000000000012,-2.7263999999999986,31.821
F,MYN,L*H,% (*) L*H L%,L%,75,209,-1.2576000000000023,0.3967999999999984,-2.2048,1.6544000000000008,-2.6015999999999986,39.367
F,MDC,L*H,%H >H* L*H %,%,118,310,-1.6527390900649965,-0.06499535747446637,-0.05106778087279454,1.5877437325905301,0.013927576601671834,20.994
F,MDC,L*H,%H L*H L*H %,%,99,294,-1.935933147632313,-0.8217270194986054,-0.9145775301764155,1.1142061281337075,-0.09285051067781014,15.962
F,MDC,L*H,%H >!H* L*H %,%,110,327,-2.985143918291554,-0.8774373259052928,-1.0027855153203327,2.1077065923862612,-0.1253481894150399,22.392
F,MDC,L*H,% L*H L*H %,%,110,344,-2.887650882079851,-1.9034354688950763,-1.9545032497678776,0.9842154131847749,-0.05106778087280128,12.731
F,MDC,L*H,% >H* L*H %,%,110,299,-2.3073351903435464,-0.9935004642525537,-1.0027855153203327,1.3138347260909926,-0.009285051067778993,16.054
F,MDC,L*H,%H (*) L*H %,%,139,285,-0.9702878365831028,0.8077994428969336,0.5663881151346327,1.7780872794800364,-0.2414113277623009,38.277
F,MDC,L*H,%H (*) L*H %,%,128,289,-1.4298978644382536,0.6174558960074272,0.46425255338904364,2.047353760445681,-0.1532033426183836,36.93
F,MDC,L*H,%H (*) L*H %,%,143,290,-1.5506035283194075,0.301764159702881,0.23676880222841465,1.8523676880222886,-0.06499535747446636,36.134
F,MDC,L*H,% >H* L*H %,%,124,281,-1.852367688022282,0.1903435468895063,0.10677808727948189,2.0427112349117884,-0.08356545961002441,34.667
F,MDC,L*H,%H (*) L*H %,%,143,271,-2.1216341689879328,-0.7799442896935965,-1.1606313834726092,1.3416898792943361,-0.38068709377901266,26.37
F,MDC,L*H,% >H* L*H %,%,123,323,-0.5292479108635101,0.663881151346329,0.5524605385329608,1.193129062209839,-0.11142061281336813,12.787
F,MDC,L*H,% >H* L*H %,%,93,331,-1.0770659238625848,0.9517177344475382,0.5988857938718626,2.028783658310123,-0.3528319405756756,17.877
F,MDC,L*H,% >H* L*H %,%,116,304,-1.40204271123491,0.05571030640668735,-0.06963788300835919,1.4577530176415974,-0.12534818941504655,18.924
F,MDC,L*H,% >H* L*H %,%,111,342,-0.8356545961002773,0.7242339832869091,0.5431754874651818,1.5598885793871864,-0.18105849582172728,17.728
F,MDC,L*H,% >H* L*H %,%,137,366,-1.2488393686165264,0.037140204271122704,-0.004642525533892812,1.285979572887649,-0.04178272980501552,13.874
F,MDQ,L*H,% >H* L*H %,%,62,284,-2.1866295264623994,-0.21355617455896378,-0.3389043639740037,1.9730733519034356,-0.12534818941503992,20.801
F,MDQ,L*H,% >H* L*H %,%,89,312,-2.0705663881151386,0.04178272980501551,0.013927576601671838,2.112349117920154,-0.027855153203343672,24.622
F,MDQ,L*H,% L*H L*H %,%,100,307,-2.780872794800369,0.3296193129062181,0.24141132776230084,3.110492107706587,-0.08820798514391726,33.229
F,MDQ,L*H,% L*H L*H %,%,59,290,-1.8105849582172728,-0.7195914577530164,-1.1002785515320357,1.0909935004642564,-0.3806870937790193,10.059
F,MDQ,L*H,%H L*H L*H %,%,94,280,-1.7223769730733556,0.12070566388115372,-0.2553389043639727,1.8430826369545092,-0.37604456824512644,23.572
F,MDQ,L*H,% (*) L*H %,%,111,271,-1.0213556174558973,2.163416898792942,1.694521819870012,3.1847725162488394,-0.46889507892293003,66.835
F,MDQ,L*^[H],% (*) L*^[H] %,%,110,282,-1.4809656453110482,2.2748375116063166,1.578458681522751,3.7558031569173647,-0.6963788300835656,69.413
F,MDQ,L*^[H],% (*) L*^[H] %,%,99,271,-1.3045496750232137,1.7409470752089138,0.9517177344475382,3.0454967502321275,-0.7892293407613756,57.261
F,MDQ,L*^[H],% (*) L*^[H] %,%,105,246,-0.8356545961002773,2.5023212627669458,1.3138347260909928,3.337975858867223,-1.188486536675953,65.359
F,MDQ,L*^[H],% (*) L*^[H] %,%,76,249,-1.2209842154131827,2.1866295264623927,0.9935004642525537,3.4076137418755756,-1.193129062209839,60.568
F,MDQ,L*H,% >H* L*H %,%,113,318,-1.2999071494893208,0.7892293407613755,0.42711234911792095,2.0891364902506964,-0.36211699164345457,28.625
F,MDQ,L*H,% L*H L*H %,%,88,381,-1.4902506963788338,0.8170844939647192,0.46425255338904364,2.307335190343553,-0.3528319405756755,22.345
F,MDQ,L*H,% L*H L*H %,%,87,313,-1.0445682451253482,1.0770659238625782,0.5756731662024117,2.121634168987926,-0.5013927576601664,24.956
F,MDQ,L*H,% L*H L*H %,%,126,385,-1.5459610027855146,0.7660167130919247,0.6128133704735345,2.3119777158774393,-0.1532033426183902,26.403
F,MDQ,L*H,% L*H L*H %,%,102,333,-1.8941504178272974,0.6360259981429919,0.13463324048281897,2.5301764159702893,-0.5013927576601729,28.156
F,MWH,L*H,% H* L*!H L*H %,%,121,294,0.15784586815227641,1.852367688022282,1.7270194986072418,1.6945218198700056,-0.1253481894150401,22.967
F,MWH,L*H,% H* L*H L*H %,%,109,290,-0.03249767873723649,1.8941504178272974,1.7688022284122573,1.9266480965645338,-0.1253481894150401,24.321
F,MWH,L*H,% H* L*!H L*H %,%,117,303,0.08356545961002443,1.8430826369545028,1.7688022284122573,1.7595171773444784,-0.07428040854224549,20.691
F,MWH,L*H,%H H* L*H L*H %,%,111,300,0.27390900649953737,1.7780872794800364,1.6155988857938737,1.504178272980499,-0.16248839368616275,16.898
F,MWH,L*H,% H* L*H L*H %,%,107,298,0.10677808727948189,2.130919220055712,1.736304549675021,2.02414113277623,-0.394614670380691,23.022
F,MWH,L*H,% H* L*!H L*H %,%,122,304,-1.7409470752089138,0.42711234911792095,0.3574744661095618,2.1680594243268345,-0.06963788300835916,39.398
F,MWH,L*H,% H* L*!H L*H %,%,131,287,-2.2005571030640647,0.24605385329619367,0.05571030640668735,2.4466109563602583,-0.19034354688950633,42.111
F,MWH,L*H,% H* L*!H L*H %,%,89,268,-1.8895078922934112,0.38532961931290544,0.04178272980501551,2.2748375116063166,-0.3435468895078899,31.284
F,MWH,L*H,% H* L*!H L*H %,%,133,267,-2.0427112349117946,0.07428040854224541,-0.41318477251624913,2.11699164345404,-0.48746518105849457,38.312
F,MWH,L*H,% H* L*!H L*H %,%,143,318,-2.4280408542247,-0.49675023212628017,-0.4828226555246083,1.9312906220984198,0.013927576601671876,32.601
F,MWH,L*H,% H* L*!H L*H %,%,101,350,-0.5338904363974029,0.7103064066852374,0.42711234911792095,1.2441968430826402,-0.2831940575673164,11.818
F,MWH,L*H,% H* L*H L*H %,%,111,381,-0.45496750232126465,1.067780872794799,0.7149489322191236,1.5227483751160638,-0.35283194057567546,13.936
F,MWH,L*H,% H* L*!H L*H %,%,105,352,-0.9145775301764155,0.9470752089136454,0.6267409470752063,1.861652739090061,-0.32033426183843905,19.296
F,MWH,L*H,% H* L*!H L*H %,%,119,351,-1.2720519962859773,0.38532961931290544,0.34818941504178275,1.6573816155988828,-0.03714020427112269,19.259
F,MWH,L*H,% H* L*!H L*H %,%,93,339,-1.207056638811511,0.5571030640668537,0.5756731662024117,1.7641597028783647,0.018570102135557987,16.682
F,MYN,L*H,%H L*!H L*H %,%,119,304,-0.7567316620241391,0.9935004642525537,0.8495821727019491,1.7502321262766927,-0.14391829155060454,22.162
F,MYN,L*H,%H L*!H L*H %,%,122,327,-1.5598885793871864,0.21819870009285,0.10677808727948189,1.7780872794800364,-0.11142061281336811,21.04
F,MYN,L*H,%H L*H L*H %,%,112,304,-0.8031569173630474,0.6592386258124427,0.5338904363974029,1.4623955431754903,-0.1253481894150399,19.19
F,MYN,L*H,%H L*H L*H %,%,89,287,-0.8170844939647192,1.3370473537604437,1.0399257195914555,2.154131847725163,-0.2971216341689882,25.8
F,MYN,L*H,%H L*H L*H %,%,100,309,-1.3416898792943364,0.31104921077066006,0.19962859795728535,1.6527390900649963,-0.1114206128133747,19.407
F,MYN,L*H,% (*) L*H %,%,137,281,-1.508820798514392,0.06499535747446637,0.16713091922005546,1.5738161559888584,0.10213556174558909,29.024
F,MYN,L*H,%H (*) L*H %,%,137,272,-1.1188486536675937,0.9517177344475382,0.2553389043639727,2.070566388115132,-0.6963788300835654,46.369
F,MYN,L*H,%H (*) L*H %,%,108,264,-1.1095636025998146,0.3528319405756756,-0.20427112349117815,1.4623955431754903,-0.5571030640668537,24.942
F,MYN,L*H,% H* (*) L*H %,%,148,242,-1.0213556174558973,0.3296193129062181,0,1.3509749303621155,-0.3296193129062181,35.042
F,MYN,L*H,%H L*!H L*H %,%,114,260,-0.974930362116989,0.6220984215413201,0.3667595171773408,1.5970287836583092,-0.2553389043639793,31.622
F,MYN,^[L*H],% >H* ^[L*H L%],%,87,321,-0.05106778087279454,3.189415041782732,2.5208913649025035,3.2404828226555265,-0.6685236768802283,35.137
F,MYN,^[L*H],% >H* ^[L*H L%],%,86,337,0.009285051067779026,3.621169916434539,2.5441039925719613,3.61188486536676,-1.0770659238625777,37.068
F,MYN,^[L*H],% >H* ^[L*H L%],%,84,313,-0.08820798514391724,3.407613741875582,2.1819870009285065,3.495821727019499,-1.2256267409470754,36.033
F,MYN,^[L*H],% L*H ^[L*H] %,%,104,313,0.5013927576601663,2.790157845868155,1.89879294336119,2.2887650882079886,-0.8913649025069648,28.237
F,MYN,^[L*H],% >H* ^[L*H] %,%,98,347,0.5431754874651818,3.6908077994428985,2.9433611884865383,3.1476323119777168,-0.7474466109563602,34.54
F,MDC,L*H,% L*H L*H %,%,98,320,-2.08916816277678,0.7534410532615202,1.034709754637941,2.8426092160383,0.2812687013764207,17.838
F,MDC,L*H,% L*H L*H %,%,114,310,-1.4308797127468529,0.6337522441651691,0.879114302812692,2.064631956912022,0.24536205864752292,16.374
F,MDC,L*H,% L*H L*H %,%,81,330,-1.6463195691202817,1.8485936564931171,1.932375822860562,3.4949132256133986,0.08378216636744495,19.98
F,MDC,L*H,% L*H L*H %,%,78,299,-0.7067624177139422,1.298025134649917,1.4715739078396188,2.004787552363859,0.17354877318970185,11.473
F,MDC,L*H,% L*H L*H %,%,114,334,-1.7121484141232735,0.968880909634949,1.1005385996409327,2.6810293237582226,0.1316576900059837,18.943
F,MDC,L*H,% (*) L*H %,%,82,273,-1.616397366846196,1.070616397366847,0.7534410532615202,2.687013764213043,-0.3171753441053268,25.192
F,MDC,L*H,% (*) L*H %,%,82,288,-1.7061639736684615,2.016157989228007,1.86654697785757,3.7223219628964683,-0.14961101137043675,29.73
F,MDC,L*H,% (*) L*H %,%,93,271,-2.017354877318968,2.4829443447037707,2.1717534410532644,4.500299222022738,-0.3111909036505063,43.274
F,MDC,L*H,% (*) L*H %,%,94,278,-2.017354877318968,2.111909036505093,1.8126870137642193,4.129263913824061,-0.29922202274087373,35.518
F,MDC,L*H,% (*) L*H %,%,83,289,-2.137043686415319,1.525433871932978,1.3818073010173533,3.6624775583482974,-0.1436265709156248,27.282
F,MDC,L*H,% >H* L*H %,%,72,366,-1.5984440454817428,0.879114302812692,0.6576900059844427,2.4775583482944348,-0.22142429682824927,15.87
F,MDC,L*H,% >H* L*H %,%,90,398,-1.5565529622980245,1.764811490125672,1.657091561938962,3.3213644524236967,-0.10771992818671006,17.369
F,MDC,L*H,% >H* L*H %,%,82,363,-1.837821663674445,1.3459006582884556,1.1903052064631983,3.1837223219629007,-0.15559545182525736,21.86
F,MDC,L*H,% >H* L*H %,%,81,390,-1.4847396768402121,1.0287253141831287,0.9210053859964102,2.5134649910233406,-0.1077199281867185,14.336
F,MDC,L*H,% >H* L*H %,%,98,409,-1.7301017354877266,1.4835427887492514,1.4536205864751657,3.2136445242369778,-0.029922202274085707,17.442
F,MDQ,L*H,% L*H L*H %,%,76,314,-2.005385996409335,1.3758228605625413,1.25613405146619,3.3812088569718766,-0.11968880909635127,21.689
F,MDQ,L*H,% (*) L*H %,%,96,290,-2.0472770795930533,0.8671454219030509,0.7713943746259734,2.9144225014961043,-0.0957510472770775,24.301
F,MDQ,L*H,% (*) L*H %,%,64,314,-1.8976660682226165,0.09515260323160145,-0.03650508677438231,1.992818671454218,-0.13165769000598376,13.754
F,MDQ,L*H,% L*H L*H %,%,107,319,-2.478156792339911,0.32256134051466273,0.23877917414721778,2.8007181328545734,-0.08378216636744495,20.609
F,MDQ,L*H,% L*H L*H %,%,80,284,-3.5613405146618753,0.0353081986834216,0.06523040095751578,3.5966487133452967,0.02992220227409418,22.567
F,MDQ,L*^[H],% (*) L*^[H] %,%,87,256,-1.1855176540993384,4.224416517055654,3.464392579293837,5.409934171154992,-0.760023937761817,53.881
F,MDQ,L*H,% >H* L*H %,%,101,264,-1.7779772591262653,3.1711549970077835,2.237582286056256,4.949132256134049,-0.9335727109515273,54.531
F,MDQ,L*H,% (*) L*H %,%,113,264,-1.5924596050269308,3.2968282465589467,2.117893476959905,4.889287851585878,-1.1789347695990418,53.458
F,MDQ,L*H,% >H* L*H %,%,106,261,-1.4069419509275878,2.8479952124476364,2.195691202872538,4.254937163375224,-0.6523040095750985,45.32
F,MDQ,L*H,% (*) L*H %,%,100,255,-1.1555954518252527,3.308797127468588,2.303411131059248,4.464392579293841,-1.00538599640934,42.174
F,MDQ,L*H,% L*H L*H %,%,110,378,-1.5565529622980245,1.5374027528426109,0.897067624177145,3.0939557151406354,-0.6403351286654658,22.915
F,MDQ,L*H,% >H* L*H %,%,89,317,-1.550568521843204,0.885098743267504,-0.08438061041292108,2.435667265110708,-0.9694793536804251,20.982
F,MDQ,L*H,% L*H L*H %,%,67,389,-1.8737283064033514,1.6271693596648762,1.7528426092160394,3.5008976660682274,0.1256732495511632,18.937
F,MDQ,L*H,% L*H L*H %,%,92,382,-2.2687013764213027,1.6511071214841413,1.3937761819269945,3.9198084979054437,-0.2573309395571468,22.959
F,MDQ,L*H,% >H* L*H %,%,126,368,-1.837821663674445,0.9150209455415982,0.7235188509874345,2.752842609216043,-0.19150209455416367,20.953
F,MWH,L*H,% H* L*!H L*H %,%,76,319,-1.0598444045481752,1.3818073010173533,1.405745062836627,2.4416517055655285,0.023937761819273762,16.533
F,MWH,L*H,% H* L*!H L*H %,%,113,298,-1.1675643327348852,1.405745062836627,1.405745062836627,2.5733093955715125,0,22.92
F,MWH,L*H,% H* L*!H L*H %,%,106,318,-0.8683423099940116,1.6929982046678682,1.722920406941954,2.5613405146618797,0.029922202274085707,21.523
F,MWH,L*H,% H* L*!H L*H %,%,114,306,-0.9521244763614566,1.4236983842010802,1.3459006582884556,2.3758228605625367,-0.07779772591262457,21.527
F,MWH,L*H,% H* L*!H L*H %,%,107,310,-1.1855176540993384,2.333333333333334,2.429084380610411,3.518850987432672,0.09575104727707728,29.978
F,MWH,L*H,% >H* L*!H L*H %,%,105,292,-1.299222022740869,1.525433871932978,1.5074805505685251,2.824655894673847,-0.017953321364452934,27.868
F,MWH,L*H,% >H* L*!H L*H %,%,110,295,-1.6762417713943758,1.1663674446439245,1.2022740873728308,2.8426092160383005,0.03590664272890631,28.441
F,MWH,L*H,%H >H* L*!H L*H %,%,109,266,-1.191502094554159,1.7289048473967743,1.3937761819269945,2.920406941950933,-0.3351286654697798,31.631
F,MWH,L*H,%H >H* L*!H L*H %,%,104,273,-1.2214242968282447,2.135846798324358,1.9742669060442888,3.357271095152603,-0.1615798922800693,33.269
F,MWH,L*H,% >H* L*!H L*H %,%,95,285,-1.107719928186714,2.1897067624177176,2.1897067624177176,3.2974266906044316,0,28.489
F,MWH,L*H,% >H* L*!H L*H %,%,68,360,-0.7127468581687627,1.2860562537402758,0.9748653500897695,1.9988031119090386,-0.3111909036505063,14.335
F,MWH,L*H,% >H* L*!H L*H %,%,90,403,-1.1017354877318934,1.3339317773788146,0.801316576900059,2.435667265110708,-0.5326152004787557,14.643
F,MWH,L*H,% >H* L*!H L*H %,%,68,406,-1.1555954518252527,1.5493716337522434,1.4476361460203537,2.704967085577496,-0.10173548773188967,14.547
F,MWH,L*H,%H >H* L*!H L*H %,%,82,405,-1.1196888090963466,1.136445242369839,1.1962896469180189,2.2561340514661854,0.05984440454817985,11.721
F,MWH,L*H,% >H* L*!H L*H %,%,93,421,-1.2034709754637916,1.9563135846798356,2.058049072411734,3.159784560143627,0.10173548773189833,15.345
F,MYN,L*H,% L*H L*H %,%,132,300,-0.9222022740873709,1.5433871932974312,1.8126870137642193,2.465589467384802,0.269299820466788,22.768
F,MYN,L*H,% >H* L*H %,%,95,322,-0.4015559545182479,3.3447037701974858,3.266906044284861,3.746259724715734,-0.07779772591262457,29.741
F,MYN,L*H,% L*H L*H %,%,131,319,-0.8204667863554728,3.2130460801915017,3.2968282465589467,4.033512866546975,0.08378216636744495,34.373
F,MYN,L*H,% L*H L*H %,%,126,309,-0.3177737881508029,3.165170556552963,2.9377618192699018,3.482944344703766,-0.22740873728306132,33.036
F,MYN,L*H,% L*H L*H %,%,109,307,-1.0777977259126283,2.435068821065232,2.453022142429685,3.51286654697786,0.017953321364453156,28.863
F,MYN,L*H,% (*) L*H %,%,142,288,-0.5751047277079584,2.3752244165170606,2.2555356074207094,2.950329144225019,-0.11968880909635127,35.419
F,MYN,L*H,% (*) L*H %,%,130,284,-0.5810891681627705,2.4230999401555993,2.3393177737881543,3.0041891083183696,-0.08378216636744495,36.518
F,MYN,L*H,% (*) L*H %,%,102,297,-0.19808497905445174,3.0035906642728936,2.97965290245362,3.2016756433273454,-0.02393776181927354,29.652
F,MYN,L*H,% (*) L*H %,%,105,280,-1.3231597845601426,3.3865948533812125,3.20706163973669,4.709754637941355,-0.17953321364452268,39.736
F,MYN,L*H,% (*) L*H %,%,107,299,-1.1436265709156201,2.4649910233393175,2.351286654697787,3.6086175942549374,-0.11370436864153044,35.406
F,MYN,L*H,% >H* L*H %,%,92,370,-0.5152603231597785,1.9563135846798356,2.052064631956913,2.4715739078396144,0.0957510472770775,14.637
F,MYN,L*H,% >H* L*H %,%,107,382,-1.1017354877318934,1.3937761819269945,0.7773788150807939,2.495511669658888,-0.6163973668462006,16.844
F,MYN,L*H,% >H* L*H %,%,96,318,-0.6648713345302154,1.8067025733093989,1.6511071214841413,2.4715739078396144,-0.15559545182525758,21.432
F,MYN,L*H,% >H* L*H %,%,86,372,-0.5092758827049665,2.4590065828845056,1.5613405146618844,2.968282465589472,-0.8976660682226212,19.012
F,MYN,L*H,% >H* L*H %,%,78,370,-0.8324356672651054,1.8186714542190314,0.7833632555356059,2.651107121484137,-1.0353081986834254,16.993
F,MDC,L*H,% L*H L*H %,%,109,300,-0.9433656957928777,0.6140776699029129,0.7111650485436876,1.5574433656957907,0.09708737864077466,23.871
F,MDC,L*H,% (*) L*H %,%,93,391,-1.2629449838187703,0.8406148867313928,0.7394822006472503,2.1035598705501632,-0.1011326860841425,19.667
F,MDC,L*H,% (*) L*H %,%,93,321,-1.2305825242718453,0.9619741100323626,0.751618122977348,2.192556634304208,-0.21035598705501457,25.258
F,MDC,L*H,% (*) L*H %,%,99,341,-1.1092233009708756,0.8972491909385127,0.9134304207119723,2.0064724919093884,0.016181229773459593,23.572
F,MDC,L*H,% L*H L*H %,%,78,329,-1.2305825242718453,1.3098705501618122,1.1763754045307449,2.5404530744336578,-0.13349514563106735,25.846
F,MDC,L*H,% L*H L*H %,%,83,270,-1.2629449838187703,1.1278317152103547,0.9377022653721674,2.390776699029125,-0.19012944983818736,35.272
F,MDC,L*H,% (*) L*H %,%,104,271,-1.2508090614886727,0.751618122977348,0.6788025889967627,2.0024271844660206,-0.07281553398058527,32.104
F,MDC,L*H,% (*) L*H %,%,82,274,-1.4935275080906179,0.5210355987055003,0.4684466019417481,2.014563106796118,-0.05258899676375223,23.898
F,MDC,L*H,% (*) L*H %,%,104,292,-1.303398058252425,0.4927184466019432,0.47249190938511587,1.7961165048543681,-0.020226537216827323,30.399
F,MDC,L*H,% H* L*H %,%,65,366,-1.1901294498381907,1.0995145631067975,1.0833333333333321,2.289644012944988,-0.016181229773465367,17.216
F,MDC,L*H,% >H* L*H %,%,90,433,-1.1982200647249204,1.25728155339806,1.1076051779935274,2.4555016181229803,-0.1496763754045325,18.047
F,MDC,L*H,% H* L*H %,%,58,395,-0.7168284789644036,1.766990291262134,1.7386731391585768,2.4838187702265375,-0.02831715210355723,16.734
F,MDC,L*H,% (*) L*H %,%,54,371,-0.5469255663430437,1.2411003236245945,1.1076051779935274,1.7880258899676382,-0.13349514563106712,12.18
F,MDC,L*H,% (*) L*H %,%,91,393,-0.9555016181229753,1.2491909385113245,1.2330097087378649,2.2046925566342996,-0.016181229773459593,15.732
F,MDQ,^[L*H],% (*) ^[L*H] %,%,60,313,0.04368932038835117,3.5024271844660197,3.4579288025889974,3.4587378640776687,-0.044498381877022375,38.087
F,MDQ,^[L*H],% L*H ^[L*H] %,%,46,287,-0.05339805825242921,3.7127831715210347,3.611650485436892,3.766181229773464,-0.10113268608414261,39.568
F,MDQ,^[L*H],% (*) ^[L*H] %,%,43,287,0.2580906148867335,3.9312297734627846,3.9959546925566345,3.673139158576051,0.06472491909384992,39.083
F,MDQ,^[L*H],% (*) ^[L*H] %,%,56,311,0.20550161812297554,4.7645631067961185,4.699838187702263,4.559061488673143,-0.06472491909385525,49.071
F,MDQ,^[L*H],% (*) ^[L*H] %,%,32,258,0.17718446601941845,4.873786407766991,4.368122977346279,4.696601941747573,-0.5056634304207117,54.027
F,MDQ,^[L*H],[% (*) L*H %],%,68,265,0.6343042071197402,4.076860841423949,3.971682847896439,3.442556634304209,-0.1051779935275099,49.183
F,MDQ,^[L*H],^[% >H* L*H %],%,23,254,1.2613268608414219,4.182038834951454,4.020226537216829,2.9207119741100325,-0.1618122977346248,37.108
F,MDQ,^[L*H],^[% (*) L*H %],%,33,286,0.6585760517799353,5.05987055016181,4.756472491909383,4.401294498381875,-0.3033980582524274,56.658
F,MDQ,^[L*H],% ^[(*) L*H] L%,L%,61,253,0.24999999999999797,4.0566343042071225,0.2944983818770204,3.8066343042071247,-3.762135922330102,55.406
F,MDQ,^[L*H],% ^[(*) L*H] L%,L%,22,221,1.512135922330097,4.331715210355987,-1.4045307443365673,2.81957928802589,-5.736245954692555,42.664
F,MDQ,L*^[H],% (*) L*^[H] %,%,29,332,-0.36893203883495396,4.2224919093851145,3.9676375404530715,4.5914239482200685,-0.25485436893204305,36.854
F,MDQ,L*H,% (*) L*H %,%,65,339,-0.5995145631067959,2.187702265372169,2.2281553398058236,2.787216828478965,0.040453074433654646,22.798
F,MDQ,L*H,% (*) L*H %,%,73,357,-0.6197411003236232,2.3495145631067933,2.3495145631067933,2.9692556634304164,0,26.908
F,MDQ,L*H,% (*) L*H %,%,43,329,-0.4174757281553384,2.406148867313913,2.0339805825242743,2.8236245954692514,-0.3721682847896388,24.715
F,MDQ,L*H,% L* L*H %,%,67,360,-0.6763754045307432,2.2119741100323638,2.1148867313915836,2.888349514563107,-0.09708737864078021,22.857
F,MWH,L*H,% H* L* L*H %,%,132,333,-0.959546925566343,0.8527508090614904,0.8648867313915879,1.8122977346278333,0.012135922330097526,24.703
F,MWH,L*H,% H* L* L*H %,%,104,290,-1.1699029126213576,0.7677993527508075,0.719255663430423,1.937702265372165,-0.04854368932038444,28.321
F,MWH,L*H,% H* L* L*H %,%,74,324,-1.2022653721682826,1.25728155339806,1.25728155339806,2.4595469255663422,0,26.687
F,MWH,L*H,% H* L*!H L*H %,%,61,323,-1.242718446601943,1.1521035598705498,1.1278317152103547,2.3948220064724928,-0.024271844660195052,24.752
F,MWH,L*H,% H* L* L*H %,%,53,302,-1.1658576051779956,1.0186084142394825,1.0995145631067975,2.184466019417478,0.08090614886731506,19.847
F,MWH,L*H,% >H* (*) L*H %,%,74,272,-0.822006472491908,2.6165048543689333,2.523462783171521,3.438511326860841,-0.09304207119741248,47.956
F,MWH,L*H,% H* (*) L*H %,%,69,405,-0.8139158576051782,1.7467637540453065,1.6577669902912617,2.5606796116504844,-0.08899676375404475,19.943
F,MWH,L*H,% H* L* L*H %,%,83,367,-0.7006472491909382,2.2119741100323638,2.070388349514561,2.912621359223302,-0.14158576051780258,24.829
F,MWH,L*H,% H* (*) L*H %,%,80,342,-0.5631067961165032,2.1148867313915836,1.9692556634304188,2.677993527508087,-0.14563106796116476,22.165
F,MWH,L*H,% H* L* L*H %,%,33,348,-0.4417475728155335,1.7508090614886744,1.2168284789643995,2.192556634304208,-0.5339805825242749,18.135
F,MWH,L*H,% H* L* L*H %,%,67,351,-0.4417475728155335,2.0987055016181237,1.677993527508089,2.5404530744336573,-0.4207119741100347,19.749
F,MYN,L*H,% L*H L*H %,%,37,292,-0.7734627831715235,2.6974110032362484,2.721682847896438,3.470873786407772,0.0242718446601895,30.731
F,MYN,L*H,% L*H L*H %,%,50,318,-1.3114886731391604,2.576051779935273,2.572006472491911,3.8875404530744335,-0.004045307443361956,37.618
F,MYN,L*H,% L*H L*H %,%,81,289,-1.1699029126213576,1.564724919093849,1.4271844660194197,2.7346278317152066,-0.1375404530744293,31.718
F,MYN,L*H,% L*H L*H %,%,76,312,-1.121359223300973,1.621359223300969,1.423139158576052,2.742718446601942,-0.19822006472491704,29.726
F,MYN,L*H,% L*H L*H %,%,62,331,-1.242718446601943,1.1318770226537225,1.1359223300970844,2.3745954692556657,0.004045307443361956,22.044
F,MYN,L*H,% (*) L*H %,%,102,253,-0.7896440129449831,0.6504854368932056,0.525080906148868,1.4401294498381887,-0.12540453074433755,26.003
F,MYN,L*H,% (*) L*H %,%,78,291,-0.817961165048546,1.115695792880257,0.9741100323624601,1.933656957928803,-0.14158576051779703,25.665
F,MYN,L*H,% L* L*H %,%,72,291,-0.8381877022653733,1.2127831715210375,1.1318770226537225,2.0509708737864107,-0.08090614886731506,25.481
F,MYN,L*H,% >H* L*H %,%,94,276,-1.0809061488673126,1.4352750809061496,1.1116504854368952,2.516181229773462,-0.3236245954692545,41.652
F,MYN,L*H,% L* L*H %,%,91,258,-1.0768608414239507,0.6666666666666651,0.4846278317152076,1.7435275080906156,-0.18203883495145745,31.405
F,MYN,L*H,% (*) L*H %,%,69,334,-1.0566343042071176,1.3260517799352773,1.03074433656958,2.382686084142395,-0.29530744336569725,19.896
F,MYN,L*H,% (*) L*H %,%,51,350,-0.8462783171521031,1.3786407766990296,1.0671521035598728,2.224919093851133,-0.31148867313915685,18.453
F,MYN,L*H,% (*) L*H %,%,57,357,-0.8948220064724932,1.2330097087378649,1.0186084142394825,2.127831715210358,-0.2144012944983824,15.801
F,MYN,L*H,% (*) L*H %,%,50,373,-0.7936893203883508,1.4150485436893223,1.0550161812297751,2.208737864077673,-0.3600323624595472,17.304
F,MYN,L*H,% (*) L*H %,%,66,342,-0.9110032362459528,1.3705501618123,1.2087378640776698,2.2815533980582527,-0.16181229773463013,18.629
M,MDC,L*H,%L H* L*H %,%,62,267,-1.224931506849316,0.7750684931506832,0.8271232876712304,1.9999999999999991,0.05205479452054729,44.664
M,MDC,L*H,% (*) L*H %,%,69,292,-0.8852054794520572,1.407945205479451,1.407945205479451,2.293150684931508,0,48.809
M,MDC,L*H,% (*) L*H %,%,46,280,-0.942739726027398,0.813424657534245,0.813424657534245,1.756164383561643,0,34.682
M,MDC,L*H,% (*) L*H %,%,59,285,-0.5263013698630155,1.1750684931506854,1.1750684931506854,1.7013698630137009,0,33.419
M,MDC,L*H,% (*) L*H %,%,23,300,-0.7290410958904113,1.3284931506849287,1.3284931506849287,2.05753424657534,0,36.809
M,MDC,L*H,% >H* L*H %,%,20,224,-1.0824657534246596,0.7257534246575346,0.7257534246575346,1.8082191780821941,0,47.866
M,MDC,L*H,% (*) L*H %,%,17,240,-0.9208219178082203,0.7284931506849293,0.7339726027397266,1.6493150684931495,0.005479452054797385,32.428
M,MDC,L*H,% (*) L*H %,%,13,259,-1.3975342465753422,0.18876712328766931,0.1750684931506838,1.5863013698630115,-0.013698630136985523,33.775
M,MDC,L*H,% (*) L*H %,%,30,237,-0.7756164383561652,0.7997260273972594,0.301095890410956,1.5753424657534247,-0.4986301369863034,36.93
M,MDC,L*H,% (*) L*H %,%,80,270,-1.3947945205479475,0.04630136986301286,-0.005753424657534464,1.4410958904109603,-0.05205479452054732,36.723
M,MDC,L*H,% H* L*H %,%,22,316,-0.6194520547945233,0.6956164383561648,0.6380821917808202,1.315068493150688,-0.05753424657534467,21.396
M,MDC,L*H,% H* L*H %,%,30,353,-0.7345205479452087,0.7887671232876687,0.7367123287671213,1.5232876712328776,-0.0520547945205474,26.783
M,MDC,L*H,% (*) L*H %,%,61,323,-0.6660273972602772,0.9805479452054777,0.8435616438356147,1.6465753424657548,-0.136986301369863,28.401
M,MDC,L*H,% H* L*H %,%,43,365,-0.7536986301369877,0.8572602739726002,0.8298630136986291,1.6109589041095878,-0.027397260273971047,19.675
M,MDC,L*H,% (*) L*H %,%,51,435,-0.7701369863013718,0.9230136986301369,0.9230136986301369,1.6931506849315088,0,24.627
M,MDQ,^[L*H],% L*H ^[L*H] %,%,51,264,-0.27698630136986574,2.2271232876712306,2.2271232876712306,2.5041095890410965,0,52.13
M,MDQ,^[L*H],% L*H ^[L*H] %,%,59,298,-0.36739726027397485,2.059999999999998,2.0517808219178058,2.4273972602739726,-0.00821917808219208,43.268
M,MDQ,^[L*H],% L*H ^[L*H] %,%,30,301,-0.40027397260273934,1.8106849315068478,1.8106849315068478,2.210958904109587,0,34.661
M,MDQ,^[L*H],% L*H ^[L*H] %,%,54,283,-0.32082191780822095,1.8408219178082177,1.8517808219178085,2.1616438356164385,0.010958904109590772,41.515
M,MDQ,^[L*H],% (*) ^[L*H] %,%,67,292,-0.26328767123287633,1.8408219178082177,1.8408219178082177,2.104109589041094,0,45.868
M,MDQ,^[L*H],% L*H ^[L*H] %,%,50,270,-0.4715068493150695,1.5558904109589047,1.353150684931505,2.027397260273974,-0.20273972602739976,48.728
M,MDQ,^[L*H],% L*H ^[L*H] %,%,72,219,-0.10164383561644091,1.4024657534246574,1.2654794520547945,1.5041095890410983,-0.1369863013698629,55.432
M,MDQ,L*^[H],% H* L*^[H] %,%,27,323,-1.0441095890410979,2.6846575342465733,2.5175342465753405,3.728767123287671,-0.16712328767123275,65.17
M,MDQ,L*^[H],% >H* L*^[H] %,%,18,326,-0.5153424657534247,2.8764383561643823,2.703835616438356,3.391780821917807,-0.17260273972602613,55.738
M,MDQ,L*^[H],% H* L*^[H] %,%,20,316,-0.1646575342465751,3.128493150684931,3.1339726027397243,3.293150684931506,0.005479452054793388,53.306
M,MDQ,L*^[H],% H* L*^[H] %,%,2,294,-0.3071232876712354,2.9010958904109585,2.3449315068493144,3.208219178082194,-0.5561643835616441,54.186
M,MDQ,^[L*H],% H* ^[L*H] %,%,26,301,-0.1482191780821948,2.4654794520547934,2.0435616438356137,2.6136986301369882,-0.4219178082191797,47.844
M,MWH,L*H,% ^[H*] !H* L*H %,%,55,260,-1.060547945205482,1.0435616438356157,1.06,2.104109589041098,0.016438356164384382,48.14
M,MWH,L*H,% H* !H* L*H %,%,85,288,-0.9564383561643834,0.9832876712328764,0.9887671232876698,1.9397260273972599,0.005479452054793388,41.878
M,MWH,L*H,% H* !H* L*H %,%,44,269,-1.033150684931507,1.0216438356164381,1.0216438356164381,2.0547945205479454,0,39.868
M,MWH,L*^[H],% H* !H* L*^[H] %,%,65,321,-0.7263013698630166,1.865479452054794,1.865479452054794,2.5917808219178107,0,44.94
M,MWH,L*H,% ^[H*] !H* L*H %,%,48,313,-1.0221917808219203,1.7202739726027387,1.7394520547945178,2.742465753424659,0.019178082191779078,43.751
M,MWH,L*H,% H* L*!H L*H %,%,66,266,-1.3235616438356173,0.9476712328767093,0.676438356164382,2.2712328767123267,-0.2712328767123273,55.727
M,MWH,L*H,% H* !H* L*H %,%,60,262,-1.3947945205479475,0.6517808219178057,0.35315068493150725,2.0465753424657533,-0.2986301369862985,52.331
M,MWH,L*H,% ^[H*] !H* L*H %,%,57,269,-1.4304109589041105,0.7832876712328752,0.602465753424657,2.2136986301369856,-0.1808219178082182,46.703
M,MWH,L*H,% H* !H* L*H %,%,65,252,-1.3509589041095922,0.6106849315068491,0.33945205479451784,1.9616438356164414,-0.27123287671233126,51.01
M,MWH,L*H,% H* !H* L*H %,%,68,268,-1.2413698630137002,0.7230136986301359,0.6709589041095886,1.964383561643836,-0.05205479452054729,50.28
M,MWH,L*H,% H* !H* L*H %,%,58,404,-1.0221917808219203,1.5147945205479443,1.479178082191781,2.536986301369865,-0.03561643835616324,34.617
M,MWH,L*H,% H* >H* L*H %,%,34,403,-1.2112328767123306,1.3421917808219181,1.3421917808219181,2.553424657534249,0,38.227
M,MWH,L*H,% H* !H* L*H %,%,55,405,-0.8961643835616441,1.517534246575343,1.517534246575343,2.413698630136987,0,40.498
M,MWH,L*H,% H* !H* L*H %,%,34,389,-1.0824657534246596,1.791506849315069,1.7969863013698624,2.8739726027397285,0.005479452054793388,39.62
M,MWH,L*H,% H* !H* L*H %,%,44,392,-1.2797260273972622,1.325753424657534,1.3284931506849287,2.605479452054796,0.0027397260273946955,39.986
M,MYN,^[L*H],% >H* ^[L*H] %,%,71,287,-0.02219178082191865,1.8408219178082177,1.8052054794520545,1.8630136986301364,-0.03561643835616324,39.838
M,MYN,^[L*H],% (*) ^[L*H] %,%,58,179,-0.1646575342465751,0.8873972602739699,0.8873972602739699,1.052054794520545,0,38.247
M,MYN,^[L*H],% L*H ^[L*H] %,%,48,315,-0.6002739726027404,1.5805479452054771,1.5805479452054771,2.1808219178082178,0,38.828
M,MYN,^[L*H],% (*) ^[L*H] %,%,42,290,-0.6249315068493168,1.4298630136986286,1.4298630136986286,2.0547945205479454,0,37.887
M,MYN,^[L*H],% L*H ^[L*H] %,%,28,318,-0.6906849315068495,1.4216438356164365,1.4216438356164365,2.112328767123286,0,33.812
M,MYN,^[L*H],% H* ^[L*H] %,%,35,239,-0.5372602739726023,1.553150684931506,1.0736986301369855,2.0904109589041084,-0.47945205479452047,48.036
M,MYN,^[L*H],% (*) ^[L*H] %,%,41,266,-0.5454794520547944,1.4134246575342444,0.977808219178079,1.9589041095890387,-0.43561643835616537,40.331
M,MYN,^[L*H],% (*) ^[L*H] %,%,71,254,-0.7673972602739731,1.3668493150684904,1.3668493150684904,2.1342465753424635,0,58.992
M,MYN,L*H,% (*) L*H %,%,29,233,-0.7536986301369877,1.1832876712328735,0.6682191780821899,1.9369863013698612,-0.5150684931506836,47.391
M,MYN,L*H,% (*) L*H %,%,27,271,-0.5619178082191786,1.2271232876712328,1.0572602739726014,1.7890410958904113,-0.16986301369863144,39.143
M,MYN,L*H,% >H* L*H %,%,16,361,-0.29890410958904334,1.6161643835616442,1.6161643835616442,1.9150684931506876,0,27.515
M,MYN,L*H,% >H* L*H %,%,32,381,-0.24958904109589078,1.7969863013698624,1.7969863013698624,2.0465753424657533,0,34.657
M,MYN,L*^[H],% (*) L*^[H] %,%,45,348,-0.3153424657534275,1.799726027397257,1.799726027397257,2.1150684931506847,0,38.511
M,MYN,L*H,% >H* L*H %,%,54,355,-0.16191780821918034,1.564109589041093,1.4216438356164365,1.7260273972602733,-0.1424657534246565,31.94
M,MYN,L*H,% (*) L*H %,%,69,375,-0.3016438356164381,1.59972602739726,1.59972602739726,1.9013698630136981,0,31.034
M,MDC,L*H,% H* L*H %,%,73,279,-1.6839690278176083,0.7880699741898494,0.7794665901921433,2.472039002007458,-0.008603383997706104,57.615
M,MDC,L*H,% H* L*H %,%,62,283,-1.2652710065959254,0.9658732434757656,0.928591912819042,2.231144250071691,-0.03728133065672368,50.222
M,MDC,L*H,% H* L*H %,%,51,279,-1.531975910524806,0.6963005448809857,0.7708632061944372,2.228276455405792,0.07456266131345146,41.735
M,MDC,L*H,% H* L*H %,%,58,264,-1.4545454545454553,0.4984227129337538,0.4869515342701484,1.952968167479209,-0.011471178663605364,42.092
M,MDC,L*H,% H* L*H %,%,75,260,-1.6151419558359634,0.35790077430456113,0.2833381129911097,1.9730427301405244,-0.0745626613134514,52.469
M,MDC,L*H,% H* L*H %,%,29,226,-1.3082879265844558,0.9400630914826514,0.7765987955262399,2.2483510180671074,-0.16346429595641154,49.715
M,MDC,L*H,% H* L*H %,%,51,248,-1.302552337252653,1.2641238887295674,1.1866934327502165,2.5666762259822207,-0.07743045597935083,61.02
M,MDC,L*H,% >H* L*H %,%,32,235,-1.357040435904789,1.0748494407800415,1.049039288786923,2.4318898766848305,-0.025810151993118424,48.082
M,MDC,L*H,% >H* L*H %,%,45,223,-1.1735015772870658,1.0977917981072562,1.0691138514482388,2.271293375394322,-0.02867794665901746,52.415
M,MDC,L*H,% >H* L*H %,%,56,191,-1.2021795239460835,1.1121307714367652,1.117866360768568,2.3143102953828487,0.005735589331802737,64.179
M,MDC,L*H,% H* L*H %,%,167,370,-1.2021795239460835,1.1637510754230016,1.103527387439059,2.365930599369085,-0.06022368798394262,32.352
M,MDC,L*H,% H* L*H %,%,35,355,-1.4344708918841398,1.2555205047318612,1.1408087180957869,2.689991396616001,-0.11471178663607429,36.976
M,MDC,L*H,% H* L*H %,%,40,340,-1.6380843131631784,1.2354459420705497,1.166618870088901,2.873530255233728,-0.06882707198164861,48.362
M,MDC,L*H,% H* L*H %,%,68,323,-1.5377114998566088,0.8683682248351035,0.7651276168626344,2.406079724691712,-0.10324060797246903,39.708
M,MDC,L*H,% H* L*H %,%,71,365,-1.4660166332090607,0.9257241181531427,0.8913105821623183,2.3917407513622035,-0.03441353599082442,36.93
M,MDQ,^[L*H],% >H* ^[L*H] %,%,21,264,-0.6200172067679931,2.118726699168341,1.9724691712073414,2.7387439059363343,-0.14625752796099967,51.459
M,MDQ,^[L*H],% >H* ^[L*H] %,%,5,266,-0.18124462288500287,2.325207915113279,2.196157155147692,2.506452537998282,-0.12905075996558724,44.656
M,MDQ,^[L*H],% >H* ^[L*H] %,%,13,278,-0.23573272153713873,2.2506452537998274,2.0412962431889863,2.486377975336966,-0.2093490106108411,44.562
M,MDQ,^[L*H],% >H* ^[L*H] %,%,19,255,-0.10668196157155144,2.1301978778319466,2.072841984513911,2.236879839403498,-0.05735589331803537,41.754
M,MDQ,^[L*H],% >H* ^[L*H] %,%,17,266,-0.24720390020074412,2.611987381703471,2.419845139088042,2.859191281904215,-0.19214224261542912,51.498
M,MDQ,^[L*H],% >H* ^[L*H] %,%,26,228,-0.6974476627473479,2.3624892457700026,2.0097505018640653,3.0599369085173507,-0.3527387439059373,68.205
M,MDQ,^[L*H],% >H* ^[L*H] %,%,16,239,-0.7433323774017776,1.975336965873245,1.9007743045597936,2.7186693432750224,-0.07456266131345135,58.011
M,MDQ,^[L*H],% >H* ^[L*H] %,%,29,238,-0.7748781187266987,1.9954115285345564,1.920848867221109,2.7702896472612553,-0.07456266131344735,62.06
M,MDQ,^[L*H],% >H* ^[L*H] %,%,9,198,-0.42500716948666456,2.3911671924290245,1.7545167765987941,2.816174361915689,-0.6366504158302304,59.195
M,MDQ,^[L*H],% >H* ^[L*H] %,%,15,216,-0.5597935187840545,2.0843131631775167,1.8864353312302846,2.644106681961571,-0.19787783194723207,60.252
M,MDQ,^[L*H],% >H* ^[L*H] %,%,8,292,-0.3762546601663314,3.102380269572698,2.71522798967594,3.4786349297390293,-0.38715227989675816,55.211
M,MDQ,^[L*H],% >H* ^[L*H] %,%,23,333,-0.5798680814453661,2.5202179523946073,2.1703470031545735,3.1000860338399736,-0.3498709492400338,43.688
M,MDQ,^[L*H],% >H* ^[L*H] %,%,30,338,-0.872383137367365,2.1875537711499855,2.0183538858617713,3.0599369085173507,-0.16919988528821417,44.823
M,MDQ,^[L*H],% >H* ^[L*H] %,%,22,319,0.4468024089475213,2.835675365643821,2.5460281043877258,2.3888729566963,-0.2896472612560954,38.671
M,MDQ,^[L*H],% >H* ^[L*H] %,%,24,350,-0.01491253226268784,2.629194149698883,2.474333237740178,2.644106681961571,-0.15486091195870522,36.239
M,MWH,L*H,% H* !H* L*H %,%,39,278,-1.2996845425867498,0.8024089475193581,0.8138801261829676,2.1020934901061077,0.011471178663609471,42.956
M,MWH,L*H,% H* !H* L*H %,%,34,261,-1.7126469744766257,0.6905649555491831,0.825351304846573,2.403211930025809,0.13478634929738997,50.523
M,MWH,L*H,% H* (*) L*H %,%,83,277,-1.4201319185546308,1.0088901634642962,1.0576426727846293,2.429022082018927,0.04875250932033315,62.905
M,MWH,L*H,% H* (*] L*H %,%,112,276,-1.4115285345569248,0.34356180097505234,0.30341267565242525,1.7550903355319771,-0.0401491253226271,51.829
M,MWH,L*H,% H* (*) L*H %,%,60,274,-1.4660166332090607,0.8454258675078886,0.8712360195010027,2.3114425007169492,0.025810151993114094,53.102
M,MWH,L*H,% H* L*!H L*H %,%,27,254,-1.7814740464582746,1.2727272727272734,1.252652710065958,3.054201319185548,-0.020074562661315465,61.768
M,MWH,L*H,% H* !H* L*H %,%,22,223,-1.8273587611127042,0.8913105821623183,1.0662460567823353,2.7186693432750224,0.17493547462001702,54.944
M,MWH,L*H,% H* !H* L*H %,%,15,248,-1.7040435904789197,0.9085173501577305,0.9085173501577305,2.61256094063665,0,50.3
M,MWH,L*H,% H* (*) L*H %,%,28,253,-1.8503011184399192,0.9830800114711779,0.8769716088328096,2.833381129911097,-0.1061084026383683,55.599
M,MWH,L*H,% H* (*) L*H %,%,31,261,-1.967880699741897,0.32635503297964014,0.4697447662747362,2.2942357327215372,0.14338973329509608,49.027
M,MWH,L*H,% H* (*) L*H %,%,30,329,-1.4545454545454553,1.9638657872096354,1.8606251792371664,3.4184112417550905,-0.10324060797246903,48.888
M,MWH,L*H,% H* * L*H %,%,51,348,-1.4545454545454553,0.9113851448236299,0.9257241181531427,2.365930599369085,0.014338973329512839,33.924
M,MWH,L*H,% H* * L*H %,%,49,329,-1.4975623745339817,0.9228563234872393,0.8655004301692001,2.420418698021221,-0.05735589331803925,38.658
M,MWH,L*H,% H* * L*H %,%,42,349,-1.4143963292228283,0.928591912819042,0.8798394034987088,2.34298824204187,-0.04875250932033315,35.722
M,MWH,L*H,% H* (*) L*H %,%,11,322,-1.7413249211356474,0.547175222254087,0.4611413822770301,2.2885001433897343,-0.08603383997705688,34.514
M,MYN,L*H,% >H* L*H %,%,27,256,-0.7433323774017776,1.332950960711212,1.2985374247203916,2.0762833381129897,-0.03441353599082042,41.043
M,MYN,^[L*H],% >H* ^[L*H] %,%,38,287,-0.20992256954402044,1.6799541152853468,1.548035560653856,1.889876684829367,-0.13191855463149071,35.579
M,MYN,L*H,% >H* L*H %,%,16,246,-0.8551763693719527,0.9371952968167481,0.9085173501577305,1.7923716661887008,-0.028677946659017572,35.743
M,MYN,^[L*H],% >H* ^[L*H] %,%,-5,266,-0.10381416690564806,1.3788356753656457,1.3358187553771153,1.4826498422712937,-0.04301691998853041,27.3
M,MYN,^[L*H],% >H* ^[L*H] %,%,30,264,-0.7806137080585013,1.2928018353885848,1.103527387439059,2.0734155434470862,-0.18927444794952586,39.986
M,MYN,^[L*H],% >H* ^[L*H] %,%,19,205,-0.4106681961571558,1.9609979925437362,1.8004014912532278,2.371666188700892,-0.1605965012905084,60.427
M,MYN,^[L*H],% >H* ^[L*H] %,%,15,211,-0.5856036707771728,1.8462862059076577,1.3817034700315451,2.4318898766848305,-0.46458273587611254,56.601
M,MYN,^[L*H],% >H* ^[L*H] %,%,15,198,-0.32463435618009895,2.285058789790652,1.9093776885574996,2.6096931459707506,-0.37568110123315224,61.035
M,MYN,^[L*H],% >H* ^[L*H] %,%,18,213,-0.4938342414683092,2.227702896472613,1.7889303125896183,2.721537137940922,-0.43877258388299456,55.634
M,MYN,^[L*H],% H* ^[L*H] %,%,23,224,-0.6572985374247208,1.5164898193289351,1.4620017206767992,2.173788356753656,-0.054488098652135886,46.981
M,MYN,^[L*H],% H* ^[L*H] %,%,16,354,-0.8264984227129352,2.2104961284772005,2.0642386005162052,3.0369945511901357,-0.14625752796099523,46.007
M,MYN,L*H,% >H* L*H %,%,54,372,-1.015772870662461,1.5308287926584478,1.3788356753656457,2.5466016633209088,-0.15199311729280218,37.852
M,MYN,L*H,% >H* L*H %,%,32,332,-0.562661313449958,2.144536851161459,1.8348150272440482,2.707198164611417,-0.3097218239174109,41.859
M,MYN,L*H,% >H* L*H %,%,39,351,-1.2394608546028112,0.7651276168626344,0.7593920275308277,2.0045884714654454,-0.005735589331806734,32.77
M,MYN,L*H,% >H* L*H %,%,21,318,-0.16690564955549,2.365357040435906,1.9696013765414382,2.5322626899913963,-0.3957556638944679,47.898
M,MDC,L*H,% >H* L*H %,%,53,283,-1.8292259632072185,0.6629642485248166,0.43040610898993725,2.4921902117320354,-0.23255813953487936,37.601
M,MDC,L*H,% H* L*H %,%,44,281,-1.8708781673030201,0.16660881638320166,-0.32974661575841824,2.0374869836862217,-0.4963554321416199,28.211
M,MDC,L*H,% H* L*H %,%,62,279,-1.4647691773689688,0.3366886497743835,0.06247830614370248,1.8014578271433523,-0.27421034363068103,26.27
M,MDC,L*H,% H* L*H %,%,42,270,-1.7216244359597341,-0.1388406803193306,-0.5310656022214513,1.5827837556404036,-0.39222492190212066,20.416
M,MDC,L*H,% H* L*H %,%,39,270,-1.742450538007635,-0.38181187087816537,-0.6317250954529654,1.3606386671294697,-0.24991322457480003,18.51
M,MDC,L*H,% (*) L*H L%,L%,27,177,-0.721971537660534,0.3262755987504331,-1.7007983339118333,1.0482471364109671,-2.027073932662266,24.089
M,MDC,NA,% H* >H* L%,L%,17,157,-0.6282540784449853,0.006942034015965297,-1.2495661228740003,0.6351961124609505,-1.2565081568899656,14.717
M,MDC,L*H,% H* L*H L%,L%,15,140,-0.5067684831655653,0.4963554321416199,-1.8014578271433523,1.0031239153071851,-2.2978132592849723,28.09
M,MDC,NA,% H* >H* L%,L%,6,132,-0.35404373481429924,0.2568552585907703,-1.947240541478653,0.6108989934050695,-2.2040958000694233,20.338
M,MDC,NA,% H* H* L%,L%,8,116,-0.46511627906976866,0.2568552585907703,-2.1693856299895873,0.7219715376605389,-2.4262408885803577,23.431
M,MDC,NA,% H* H* L%,L%,29,125,-0.23602915654286452,0.13189864630337025,-2.0583130857341176,0.3679278028462348,-2.190211732037488,13.455
M,MDC,L*H,% >H* L*H %,%,60,317,-1.4265879902811522,0.8781673030197853,0.30544949670253724,2.3047552933009374,-0.572717806317248,31.1
M,MDC,L*H,% H* L*H %,%,48,292,-1.2877473099618166,0.9371745921555026,0.15619576535925125,2.224921902117319,-0.7809788267962513,28.672
M,MDC,L*H,% H* L*H %,%,47,310,-1.4127039222492168,1.1037834085387044,0.2846233946546364,2.516487330787921,-0.819160013884068,35.745
M,MDC,L*H,% H* L*H %,%,83,361,-1.5098923984727506,0.43040610898993725,0.04165220409580165,1.9402985074626877,-0.3887539048941356,26.626
M,MDC,L*H,% H* L*H %,%,62,346,-1.2287400208260995,0.99618188129122,0.20826102047900333,2.2249219021173197,-0.7879208608122167,26.227
M,MDQ,^[L*H],% >H* ^[L*H L%],%,24,247,0.5275945852134662,3.7382853175980553,2.513016313779941,3.210690732384589,-1.2252690038181142,52.309
M,MDQ,^[L*H],% H* ^[L*H L%],%,21,232,0.7289135716765043,3.210690732384589,1.5515446025685522,2.4817771607080847,-1.6591461298160368,40.437
M,MDQ,^[L*H],% H* ^[L*H L%],%,29,257,1.1037834085387044,3.5820895522388088,1.9541825754946234,2.478306143700104,-1.6279069767441854,43.046
M,MDQ,^[L*H],% H* ^[L*H L%],%,13,228,0.944116626171468,3.321763276640058,1.0586601874349175,2.3776466504685905,-2.2631030892051407,40.269
M,MDQ,^[L*H],% H* ^[L*H L%],%,13,237,0.9128774730996216,2.8184658104824734,1.2565081568899705,1.9055883373828517,-1.5619576535925028,30.784
M,MDQ,^[L*H],% H* ^[L*H] %,%,32,222,-0.12495661228740002,2.5060742797639706,1.5723707046164532,2.6310308920513705,-0.9337035751475173,55.56
M,MDQ,^[L*H],% H* ^[L*H] %,%,24,215,-0.045123221103781835,2.5060742797639706,1.6626171468240218,2.5511975008677523,-0.8434571329399487,48.68
M,MDQ,^[L*H],% H* ^[L*H] %,%,16,222,-0.14925373134328102,2.266574106213121,1.6313779937521704,2.4158278375564017,-0.6351961124609504,44.885
M,MDQ,L*H,% (*) L*H %,%,35,222,-0.1284276292953802,2.554668517875738,0.923290524123567,2.683096147171118,-1.6313779937521709,53.809
M,MDQ,L*H,% (*) L*H %,%,39,207,0.2013189864630331,2.74210343630684,1.7042693509198183,2.540784449843807,-1.0378340853870218,55.93
M,MDQ,^[L*H],% H* ^[L*H] L%,L%,44,228,0.22214508851093392,1.5723707046164532,-1.5758417216244334,1.3502256161055193,-3.1482124262408866,26.229
M,MDQ,^[L*]H,% (*) ^[L*]H L%,L%,30,193,0.0728913571676529,1.2495661228740051,-1.794515793127387,1.1766747657063523,-3.0440819160013923,22.984
M,MDQ,^[L*]H,% H* ^[L*]H L%,L%,45,213,0.03471017007983635,1.3814647691773705,-1.4508851093370332,1.346754599097534,-2.8323498785144037,26.11
M,MDQ,NA,% H* >H* L%,L%,30,198,0.4130510239500166,1.266921207913921,-1.940298507462688,0.85387018396390435,-3.207219715376609,19.404
M,MDQ,^[L*]H,% H* ^[L*]H L%,L%,48,197,0.23255813953488433,0.8295730649080183,-2.134675459909751,0.5970149253731339,-2.9642485248177692,12.236
M,MWH,L*H,% H* >!H* L*H %,%,71,279,-2.1763276640055524,1.7493925720236052,1.5723707046164532,3.9257202360291577,-0.17702186740715198,67.031
M,MWH,L*H,% H* (*) L*H %,%,69,274,-1.891704269350921,1.62096494272822,1.5723707046164532,3.5126692120791407,-0.048594238111766774,55.665
M,MWH,L*H,% ^[H*] (*) L*H %,%,70,276,-1.5550156195765374,1.943769524470673,1.7875737591114218,3.4987851440472104,-0.15619576535925117,60.987
M,MWH,L*H,% ^[H*] !H* L*H %,%,62,268,-1.443943075321068,1.645262061784106,1.5098923984727557,3.089205137105174,-0.13536966331135036,50.463
M,MWH,L*H,% H* (*) L*H %,%,73,275,-1.520305449496701,1.5515446025685522,1.270392224921901,3.071850052065253,-0.28115237764665113,55.972
M,MWH,L*H,% H* (*) L*H %,%,39,262,-2.242276987157235,-0.43387712599791745,-0.46858729607774885,1.8083998611593175,-0.034710170079831404,34.03
M,MWH,L*H,%H (*) L*H %,%,49,189,-2.460951058660189,-0.7879208608122167,-0.8816383200277654,1.673030197847972,-0.09371745921554875,42.472
M,MWH,L*H,% >H* (*) L*H %,%,28,221,-1.8778202013189855,0.6803193335647373,0.15272474835126615,2.558139534883723,-0.5275945852134711,46.757
M,MWH,L*H,% >H* (*) L*H %,%,74,269,-1.9611246095105839,-0.024297119055881007,-0.2915654286706017,1.936827490454703,-0.2672683096147207,40.977
M,MWH,L*H,% H* (*) L*H %,%,86,235,-1.9368274904547027,-0.6629642485248166,-1.173203748698367,1.273863241929886,-0.5102395001735505,31.132
M,MWH,L*H,% H* (*) L*H L%,L%,64,271,-1.4578271433530035,0.6074279763970843,-0.43387712599791745,2.0652551197500877,-1.0413051023950017,33.055
M,MWH,L*H,% H* (*) L*H L%,L%,59,278,-1.2842762929538365,0.055536272127732246,-1.1836167997223175,1.3398125650815687,-1.2391530718500496,20.766
M,MWH,L*H,% H* (*) L*H %,%,41,274,-1.2148559527941687,0.31933356473446783,-1.166261714682402,1.5341895175286364,-1.4855952794168696,25.416
M,MWH,L*H,% H* (*) L*H L%,L%,48,293,-1.3536966331134994,0.013884068031935528,-0.8052759458521324,1.3675807011454348,-0.8191600138840679,18.311
M,MWH,L*H,% H* (*) L*H %,%,34,266,-1.2565081568899654,0.4581742450538034,-0.6108989934050646,1.7146824019437688,-1.069073238458868,26.089
M,MYN,^[L*H],% >H* ^[L*H] %,%,44,267,-0.38528288788615045,1.8986463033668863,1.5515446025685522,2.2839291912530366,-0.34710170079833413,33.395
M,MYN,^[L*H],% >H* ^[L*H] %,%,18,278,-0.31239153071849757,1.3814647691773705,1.069073238458868,1.693856299895868,-0.31239153071850256,23.267
M,MYN,^[L*H],% >H* ^[L*H] %,%,19,271,-0.46858729607774885,1.2877473099618217,0.8191600138840679,1.7563346060395706,-0.46858729607775385,24.465
M,MYN,^[L*H],% >H* ^[L*H] %,%,21,273,-0.5831308573411984,1.3398125650815689,1.0551891704269374,1.9229434224227673,-0.2846233946546315,27.327
M,MYN,^[L*H],% >H* ^[L*H] %,%,40,279,-0.5414786532454018,1.2009718847622382,1.093370357514754,1.74245053800764,-0.10760152724748417,24.704
M,MYN,^[L*H],% H* ^[L*H] %,%,20,256,0.24297119055883473,2.4297119055883374,1.9750086775425193,2.1867407150295026,-0.4547032280458181,39.687
M,MYN,^[L*H],% H* ^[L*H] %,%,32,195,0.2707393266227009,2.318639361332873,2.096494272821939,2.0479000347101723,-0.22214508851093395,46.083
M,MYN,^[L*H],% (*) ^[L*H] %,%,43,204,0.26379729260673557,2.322110378340853,1.5098923984727557,2.0583130857341176,-0.8122179798680975,44.978
M,MYN,^[L*H],% H* ^[L*H] %,%,30,213,0.27768136063866616,2.589378687955574,1.8847622353349556,2.3116973273169075,-0.7046164526206182,42.623
M,MYN,^[L*H],% (*) ^[L*H] %,%,33,222,0.04512322110378677,2.124262408885805,1.0794862894828183,2.0791391877820184,-1.0447761194029868,38.345
M,MYN,NA,% >H* >H* L%,L%,32,181,0.3019784796945521,0.923290524123567,-2.065255119750088,0.621312044429015,-2.988545643873655,12.967
M,MYN,^[L*]H,% >H* ^[L*]H L%,L%,39,195,0.16660881638320166,0.7844498438042364,-1.6869142658799028,0.6178410274210347,-2.4713641096841394,15.083
M,MYN,^[L*]H,% >H* ^[L*]H L%,L%,36,190,-0.05900728913571736,0.8573412009718845,-2.0721971537660533,0.9163484901076019,-2.9295383547379377,19.718
M,MYN,NA,% (*) >H* L%,L%,17,141,0.48941339812564966,1.2356820548420695,-2.040958000694202,0.7462686567164198,-3.276640055536271,21.659
M,MYN,^[L*]H,% H* ^[L*]H L%,L%,7,114,0.34015966678236864,0.9545296771954184,-2.367233599444635,0.6143700104130497,-3.3217632766400533,19.064
M,MDC,L*H,% H* !H* L*H %,%,15,206,-1.054479816212666,0.9901542500820465,-0.030521824745652616,2.0446340662947127,-1.020676074827699,35.98
M,MDC,L*H,% ^[H]* (*) L*H %,%,17,196,-0.7984903183459116,1.1772234985231385,0.4026911716442415,1.97571381686905,-0.774532326878897,37.087
M,MDC,L*H,% H* !H* L*H %,%,9,201,-1.1266819822776477,1.4430587463078455,0.471611421069904,2.569740728585493,-0.9714473252379414,41.965
M,MDC,L*H,% H* !H* L*H %,%,23,225,-1.280932064325568,1.085329832622252,0.24515917295700684,2.3662618969478197,-0.8401706596652452,39.407
M,MDC,L*H,% H* !H* L*H %,%,0,202,-0.9724319002297321,1.3249097472924207,0.3731539218903841,2.2973416475221526,-0.9517558254020366,39.136
M,MDC,L*H,% H* (*) L*H %,%,21,208,-1.3990810633409927,1.252707581227439,0.01214309156547625,2.6517886445684318,-1.2405644896619628,48.914
M,MDC,L*H,% H* (*) L*H %,%,16,201,-1.4811289793239268,0.842468001312769,-0.23400065638332584,2.3235969806366956,-1.076468657696095,47.496
M,MDC,L*H,% H* (*) L*H %,%,28,212,-1.3925172300623547,0.8490318345914024,-0.01739415818838112,2.241549064653757,-0.8664259927797835,42.942
M,MDC,L*H,% H* !H* L*H %,%,32,286,-1.7732195602231722,0.940925500492289,-0.004266491631114286,2.7141450607154614,-0.9451919921234032,32.895
M,MDC,L*H,% H* L*!H L*H %,%,23,284,-1.7042993107975049,1.5185428290121414,0.0022973416475237946,3.2228421398096465,-1.5162454873646176,40.199
M,MDC,L*H,% H* L*!H L*H %,%,20,290,-1.8585493928454206,1.2920905808992442,0.0022973416475237946,3.150639973744665,-1.2897932392517204,40.306
M,MDC,L*H,% H* L*!H L*H %,%,17,293,-1.7239908106334099,0.8129307515589116,0.05480800787660045,2.5369215621923216,-0.7581227436823111,31.596
M,MDC,L*H,% H* L*!H L*H %,%,18,282,-1.7305546439120434,1.649819494584838,0.15982934033475377,3.3803741384968813,-1.4899901542500842,45.7
M,MDQ,^[L*H],^[% (*) (*) L*H L%],%,7,178,0.32392517230062184,2.2602559894978667,0.4519199212339991,1.9363308171972449,-1.8083360682638676,36.908
M,MDQ,^[L*H],[% (*) (*) L*H L%],%,14,157,0.3534624220544792,2.142106990482442,0.2812602559894976,1.7886445684279626,-1.8608467344929442,43.159
M,MDQ,^[L*H],^[% (*) (*) L*H L%],%,20,179,0.8260584181161784,2.752543485395471,0.8785690843452598,1.9264850672792928,-1.8739744010502113,36.726
M,MDQ,^[L*H],% L*H (*) ^[L*H] %,%,11,271,0.2550049228749593,2.309484739087629,0.8687233344273073,2.05447981621267,-1.4407614046603219,24.676
M,MDQ,^[L*H],% L*H (*) ^[L*H L%],%,30,265,0.16967509025270622,2.407942238267149,0.7472924187725635,2.238267148014443,-1.6606498194945853,28.284
M,MDQ,^[L*H],^[% (*) (*) L*H %],%,17,246,0.4289465047587798,2.1125697407285844,0.92123400065638394,1.6836232359698045,-1.1913357400722004,25.856
M,MWH,L*H,% H* (*) L*H %,%,15,197,-0.5359369872005236,1.4627502461437505,0.48145717098785645,1.998687233344274,-0.981293075155894,31.624
M,MWH,L*H,% H* (*) L*H %,%,28,235,-1.07745323268789,1.0689202494256662,0.5208401706596663,2.1463734821135563,-0.548080078766,40.719
M,MWH,L*H,% ^[H]* (*) L*H %,%,21,232,-0.8477190679356739,1.9944207417131599,0.7768296685264209,2.8421398096488337,-1.217591073186739,41.837
M,MWH,L*H,% H* L*!H L*H %,%,25,243,-1.362979980308502,1.6892024942566477,0.5996061700032813,3.05218247456515,-1.0895963242533664,52.393
M,MWH,L*H,% H* L*!H L*H %,%,5,223,-1.1299638989169667,1.1772234985231385,0.7177551690187061,2.307187397440105,-0.4594683295044324,35.417
M,MWH,L*H,% H* (*) L*H %,%,27,211,-1.0479159829340328,1.8106334099113868,0.5044305874630804,2.8585493928454193,-1.3062028224483062,54.615
M,MWH,L*H,% H* (*) L*H %,%,8,179,-1.2481128979323917,1.331473580571054,0.0876271742697722,2.5795864785034457,-1.2438464063012817,56.565
M,MWH,L*H,% H* (*) L*H %,%,23,190,-1.1627830653101385,1.0131276665572704,-0.5359369872005236,2.175910731867409,-1.5490646537577941,47.583
M,MWH,L*H,% H* (*) L*H L%,L%,10,174,-1.110272399081062,1.3052182474565157,-0.4670167377748611,2.4154906465375774,-1.7722349852313768,48.373
M,MWH,L*H,% H* (*) L*H L%,L%,14,186,-1.0446340662947138,1.3741384968821784,-0.18477190679356822,2.4187725631768924,-1.5589104036757466,53.002
M,MWH,L*H,% H* L*!H L*H L%,L%,14,271,-0.8542829012143073,1.590744995077123,0.48802100426648987,2.4450278962914305,-1.1027239908106332,38.834
M,MWH,L*H,% H* (*) L*H L%,L%,17,263,-1.257958647850344,1.2034788316376768,-0.010830324909747703,2.461437479488021,-1.2143091565474244,34.04
M,MWH,L*H,% H* !H* L*H %,%,17,266,-0.910075484082703,1.3413193304890065,0.14670167377748694,2.2513948145717095,-1.1946176567115196,32.23
M,MWH,L*H,% H* (*) L*H %,%,30,244,-1.1135543157203809,1.7088939940925525,-0.1880538234328826,2.822448309812933,-1.896947817525435,46.568
M,MWH,L*H,% H* !H* L*H %,%,9,254,-1.1496553987528717,1.1509681654086001,0.04824417459796704,2.300623564161472,-1.1027239908106332,33.592
M,MYN,^[L*H],% H* ^[L*H] %,%,5,204,-0.11256974072858665,1.5382343288480465,1.3150639973744682,1.650804069576633,-0.22317033147357823,26.053
M,MYN,L*H,% H* L*H %,%,12,266,-1.0676074827699376,0.36987200525106506,0.29110600590745006,1.4374794880210027,-0.078765999343615,21.181
M,MYN,L*H,% (*) L*H %,%,40,236,-0.8838201509681647,0.5339678372169331,0.028552674762062125,1.4177879881850979,-0.505415162454871,30.903
M,MYN,L*H,% H* L*H %,%,17,241,-0.7230062356416156,0.5241220872989807,0.32392517230062184,1.2471283229405963,-0.20019691499835884,18.414
M,MYN,L*H,% H* L*H %,%,13,237,-1.1201181489990142,0.11060059074499615,-0.27994748933376906,1.2307187397440102,-0.3905480800787652,22.94
M,MYN,^[L*H],%L H* (*) ^[L*H] L%,L%,10,161,0.8555956678700358,2.516245487364621,0.47489333770922304,1.6606498194945853,-2.041352149655398,34.741
M,MYN,^[L*H],% H* (*) ^[L*H] L%,L%,39,202,0.5700689202494239,2.1716442402362994,0.6488349195930436,1.6015753199868756,-1.5228093206432558,36.302
M,MYN,^[L*H],% H* (*) ^[L*H L%],%,12,163,0.4026911716442415,2.509681654085988,0.757138168690516,2.1069904824417467,-1.752543485395472,45.108
M,MYN,^[L*H],% H* ^[L*H L%],%,43,277,0.11388250738431054,1.6005907449950756,0.4584837545126372,1.486708237610765,-1.1421069904824384,24.679
M,MYN,L*H,% H* L*H %,%,29,267,-0.32589432228421233,1.4200853298326215,0.5077125041023948,1.7459796521168338,-0.9123728257302267,23.452
M,MYN,L*H,% H* L*H L%,L%,25,267,-0.47686248769281353,1.9189366590088592,0.29110600590745006,2.395799146701673,-1.6278306531014093,31.268
M,MYN,^[L*H],% >H* ^[L*H L%],%,15,271,-0.4965539875287185,2.1716442402362994,0.36330817197243165,2.668198227765018,-1.8083360682638678,36.857
M,MYN,L*H,% >H* L*H %,%,16,274,-0.6639317361339009,1.6399737446668854,0.02198884148342871,2.303905480800786,-1.6179849031834568,31.3
M,MDC,L*H,% L*H L*H %,%,76,281,-1.355165692007797,1.5883040935672508,1.3426900584795332,2.943469785575048,-0.24561403508771762,40.256
M,MDC,L*H,% L*H L*H %,%,56,259,-1.5267056530214413,0.18089668615984353,0.021052631578948166,1.707602339181285,-0.15984405458089537,25.818
M,MDC,L*H,% L*H L*H %,%,75,282,-1.2576998050682258,0.7656920077972704,0.1029239766081855,2.023391812865496,-0.6627680311890849,28.618
M,MDC,L*H,% L*H L*H %,%,48,269,-1.199220272904481,0.9333333333333355,0.31734892787524094,2.1325536062378165,-0.6159844054580945,22.534
M,MDC,L*H,% L*H L*H %,%,31,260,-1.0900584795321664,1.2998050682261222,0.4148148148148121,2.3898635477582886,-0.8849902534113101,27.427
M,MDC,L*H,% >H* L*H %,%,73,238,-2.08810916179337,0.1341130604288476,-0.03742690058479674,2.2222222222222174,-0.17153996101364433,45.877
M,MDC,L*H,% >H* L*H %,%,81,261,-2.029629629629631,0.16530214424951525,-0.06861598440545884,2.194931773879146,-0.23391812865497408,31.842
M,MDC,L*H,% >H* L*H %,%,96,237,-1.6553606237816745,0.3368421052631596,-0.0335282651072119,1.992202729044834,-0.3703703703703715,38.11
M,MDC,L*H,% >H* L*H %,%,110,239,-1.5150097465886923,0.5044834307992191,0.04834307992202543,2.0194931773879112,-0.4561403508771937,41.095
M,MDC,L*H,% >H* L*H %,%,75,238,-1.6943469785575063,0.24327485380116773,-0.23625730994151833,1.937621832358674,-0.47953216374268604,32.38
M,MDC,L*H,% L*H L*H %,%,53,323,-1.199220272904481,0.9801169590643258,0.5434697855750509,2.1793372319688067,-0.43664717348927495,19.902
M,MDC,L*H,% L*H L*H %,%,41,311,-1.3161793372319708,0.7345029239766083,0.1730994152046794,2.0506822612085793,-0.5614035087719289,18.954
M,MDC,L*H,% L*H L*H %,%,33,322,-1.5423001949317752,0.5200779727095529,0.23157894736841875,2.062378167641328,-0.28849902534113414,18.789
M,MDC,L*H,% L*H L*H %,%,42,319,-1.553996101364524,0.33294346978557476,0.17699805068225868,1.8869395711500987,-0.15594541910331608,17.207
M,MDC,L*H,% >H* L*H %,%,53,308,-1.296686159844052,0.3524366471734879,0.23157894736841875,1.6491228070175399,-0.12085769980506914,15.947
M,MDQ,L*H,% L*H L*H L%,L%,35,244,-0.7391812865497079,1.861208576998051,-2.4974658869395734,2.600389863547759,-4.358674463937625,34.417
M,MDQ,L*H,% L*H L*H L%,L%,49,227,-0.4623781676413283,0.9450292397660844,-2.4935672514619887,1.4074074074074128,-3.438596491228073,24.765
M,MDQ,L*H,% L*H L*H L%,L%,34,236,-1.0159844054580875,0.04444444444444613,-1.8346978557504885,1.0604288499025336,-1.8791423001949346,15.496
M,MDQ,L*H,% L*H L*H L%,L%,16,158,-0.18167641325535827,2.379727095516569,-2.19727095516569,2.561403508771927,-4.576998050682259,53.843
M,MDQ,L*H,% L*H L*H L%,L%,17,244,-1.0042884990253387,0.8163742690058456,-2.181676413255362,1.8206627680311844,-2.9980506822612076,21.161
M,MDQ,^[L*H],^[% >H* L*H L%],%,17,198,0.27056530214425056,4.1458089668615985,1.896296296296298,3.875243664717348,-2.2495126705653004,59.799
M,MDQ,^[L*H],% ^[>H* L*H] L%,L%,22,189,0.5785575048732923,4.1847953216374245,-0.18557504873294312,3.606237816764132,-4.370370370370368,55.973
M,MDQ,^[L*H],% >H* ^[L*H] L%,L%,38,187,0.12241715399609862,3.5922027290448337,-1.2382066276803128,3.469785575048735,-4.830409356725147,62.934
M,MDQ,^[L*H],% ^[H* L*H] L%,L%,50,191,1.334892787524369,4.1263157894736855,-0.5442495126705656,2.7914230019493163,-4.670565302144251,50.08
M,MDQ,^[L*H],% >H* ^[L*H] L%,L%,30,179,0.6838206627680331,3.642884990253409,-1.0510721247563346,2.959064327485376,-4.693957115009743,55.737
M,MDQ,^[L*H],% L*H ^[L*H] L%,L%,34,293,-0.793762183235868,2.929434697855749,-1.7216374269005836,3.7231968810916167,-4.6510721247563325,35.006
M,MDQ,^[L*H],% >H* ^[L*H] L%,L%,11,170,-0.11539961013645476,2.7423001949317762,-2.115399610136453,2.857699805068231,-4.857699805068229,47.608
M,MDQ,L*H,% >H* L*H L%,L%,21,192,-0.37660818713450056,2.048343079922029,-2.3064327485380107,2.4249512670565294,-4.35477582846004,43.948
M,MDQ,^[L*H],% >H* ^[L*H] L%,L%,6,172,0.2900584795321637,2.8553606237816758,-1.8619883040935659,2.565302144249512,-4.717348927875242,41.721
M,MDQ,^[L*H],% >H* ^[L*H] L%,L%,29,209,0.5044834307992191,3.650682261208579,-1.2810916179337237,3.14619883040936,-4.931773879142303,51.413
M,MWH,L*H,% H* L*H L*H %,%,66,275,-1.42923976608187,0.7890838206627684,0.33294346978557476,2.2183235867446385,-0.4561403508771936,27.464
M,MWH,L*H,% H* L*H L*H %,%,56,282,-1.378557504873295,0.5122807017543832,0.056140350877195114,1.890838206627678,-0.45614035087718813,22.045
M,MWH,L*H,% H* L*H L*H %,%,67,292,-0.6300194931773878,1.210136452241715,0.8319688109161795,1.8401559454191028,-0.3781676413255356,23.516
M,MWH,L*H,% H* L*H L*H %,%,47,309,-1.1368421052631568,1.132163742690057,1.1204678362573082,2.269005847953214,-0.01169590643274887,28.798
M,MWH,L*H,% H* L*H L*H %,%,57,276,-0.9614035087719275,1.8923976608187132,1.1282651072124779,2.853801169590641,-0.7641325536062353,33.696
M,MWH,L*H,% H* L*!H L*H %,%,51,199,-0.6534113060428858,1.4401559454191044,0.08343079922027237,2.09356725146199,-1.356725146198832,41.638
M,MWH,L*H,% H* L*!H L*H %,%,58,216,-0.7547758284600418,1.4752436647173512,0.7228070175438593,2.230019493177393,-0.7524366471734919,42.262
M,MWH,L*H,% H* L*H L*H %,%,41,215,-0.8210526315789453,1.182846003898638,-0.02573099415204776,2.003898635477583,-1.2085769980506857,36.069
M,MWH,L*H,% H* L*H L*H %,%,81,204,-0.2869395711500991,1.6038986354775846,0.3797270955165707,1.8908382066276836,-1.2241715399610138,44.747
M,MWH,L*H,% H* L*H L*H %,%,57,199,-0.11150097465886993,1.92748538011696,1.3894736842105235,2.03898635477583,-0.5380116959064365,38.749
M,MWH,L*H,% H* !H* L*H %,%,69,367,-1.351267056530212,0.5005847953216398,0.1730994152046794,1.8518518518518519,-0.3274853801169604,16.164
M,MWH,L*H,% H* L*!H L*H %,%,94,365,-1.0939571150097456,0.31345029239766165,0.07953216374268754,1.4074074074074072,-0.2339181286549741,13.8
M,MWH,L*H,% L*H L*H L*H %,%,63,364,-0.8990253411306033,0.4888888888888908,0.2237816764132546,1.387914230019494,-0.2651072124756362,9.439
M,MWH,L*H,% H* L*H L*H %,%,78,350,-0.6573099415204706,0.9489278752436637,0.652631578947371,1.6062378167641342,-0.2962962962962927,13.872
M,MWH,L*H,% H* L*H L*H %,%,60,359,-0.782066276803119,0.9840155945419107,0.6097465886939544,1.7660818713450297,-0.3742690058479563,15.645
M,MYN,L*H,% L*H L*H %,%,43,264,-0.5598440545808995,1.5337231968810907,0.8475633528265133,2.09356725146199,-0.6861598440545774,31.1
M,MYN,L*H,% L*H L*H L%,L%,44,246,-1.0549707602339193,0.7500974658869421,-2.2089668615984395,1.8050682261208615,-2.9590643274853816,25.026
M,MYN,L*H,% L*H L*H %,%,31,229,-0.4428849902534096,1.136062378167642,0.12631578947368347,1.5789473684210515,-1.0097465886939585,23.586
M,MYN,L*H,% L*H L*H %,%,45,268,-1.0198830409356725,0.7306042884990235,0.15750487329434557,1.750487329434696,-0.5730994152046779,22.28
M,MYN,L*H,% L*H L*H %,%,49,289,-0.9029239766081881,0.8007797270955174,0.25497076023391674,1.7037037037037055,-0.5458089668616006,19.001
M,MYN,L*H,% >H* L*H %,%,59,210,-0.4623781676413283,1.9586744639376221,0.9840155945419107,2.4210526315789505,-0.9746588693957114,45.917
M,MYN,L*H,% L*H L*H %,%,45,241,-0.45847953216374343,1.3621832358674464,0.640935672514622,1.8206627680311898,-0.7212475633528244,30.719
M,MYN,L*H,% L*H L*H %,%,42,249,-0.4701754385964924,1.7208576998050689,1.288109161793373,2.1910331384015613,-0.43274853801169577,29.484
M,MYN,L*H,% >H*> L*H %,%,49,242,-0.34152046783625917,2.0600389863547783,1.3426900584795332,2.4015594541910374,-0.7173489278752452,37.949
M,MYN,L*H,% >H* L*H %,%,47,214,-0.37660818713450056,1.9898635477582842,0.8904483430799244,2.3664717348927846,-1.0994152046783598,40.495
M,MYN,L*H,% >H* L*H %,%,44,314,-1.2109161793372298,0.7539961013645214,-0.02962962962962706,1.9649122807017512,-0.7836257309941485,20.438
M,MYN,L*H,% L*H L*H %,%,76,328,-1.0744639376218326,0.7306042884990235,0.3056530214424975,1.8050682261208562,-0.42495126705652597,17.556
M,MYN,L*H,% L*H L*H %,%,63,343,-1.1134502923976588,0.7111111111111104,0.4148148148148121,1.8245614035087692,-0.2962962962962983,14.909
M,MYN,L*H,% L*H L*H %,%,84,364,-1.3902534113060439,0.25497076023391674,0.1341130604288476,1.6452241715399607,-0.12085769980506914,12.678
M,MYN,L*H,% >H* L*H %,%,53,364,-1.409746588693957,0.3095516569200768,0.060038986354774414,1.7192982456140338,-0.24951267056530238,13.43
